Random,Code
181,C6
794,C8
395,C4
663,C10
397,C5
693,C6
964,C9
150,C8
171,C8
954,C5
430,C6
227,C6
247,C9
192,C4
821,C6
2,C5
892,C8
268,C3
329,C7
382,C5
873,C1
532,C7
991,C4
788,C7
973,C5
476,C2
217,C1
154,C1
750,C3
530,C3
599,C4
212,C7
602,C5
512,C1
751,C3
882,C9
873,C9
669,C5
607,C2
15,C9
161,C1
859,C2
910,C4
682,C6
229,C8
969,C7
643,C2
546,C3
349,C4
82,C5
6,C5
161,C1
847,C1
378,C9
214,C7
869,C2
228,C9
166,C8
720,C6
3,C2
894,C4
190,C2
942,C3
57,C5
454,C3
104,C6
361,C7
88,C7
748,C3
78,C7
50,C9
748,C9
379,C5
262,C9
707,C2
138,C1
63,C6
560,C5
941,C5
137,C7
475,C10
640,C9
755,C5
156,C9
845,C5
702,C1
743,C4
728,C10
637,C1
878,C6
973,C9
532,C8
165,C6
199,C10
818,C9
83,C9
317,C2
226,C7
820,C3
915,C7
555,C1
186,C10
800,C10
694,C9
270,C9
417,C6
221,C8
128,C8
19,C5
174,C8
617,C10
272,C1
966,C8
802,C5
55,C3
658,C1
362,C7
89,C3
442,C8
297,C1
549,C6
361,C2
731,C2
393,C2
190,C8
413,C5
681,C5
917,C4
142,C2
986,C3
524,C6
677,C9
758,C5
58,C2
878,C6
175,C9
681,C4
505,C3
701,C5
678,C5
538,C2
347,C9
673,C6
455,C8
77,C6
375,C3
120,C5
940,C1
361,C3
445,C9
243,C10
892,C6
527,C1
510,C7
447,C2
631,C4
85,C9
839,C8
606,C8
874,C3
989,C5
382,C1
132,C3
964,C7
787,C9
998,C10
22,C7
54,C8
899,C3
614,C1
613,C9
52,C9
661,C5
205,C8
765,C1
640,C10
108,C7
913,C9
55,C3
980,C5
288,C1
735,C2
302,C2
655,C8
694,C5
184,C3
787,C9
63,C9
421,C4
959,C4
543,C3
234,C7
964,C6
334,C1
831,C5
14,C1
430,C2
718,C1
529,C9
486,C7
251,C3
334,C4
740,C8
349,C1
290,C1
534,C9
444,C10
967,C8
437,C7
899,C5
18,C5
344,C6
799,C5
917,C9
918,C5
471,C6
163,C8
816,C7
665,C6
694,C4
723,C5
490,C4
588,C2
805,C1
724,C9
657,C8
658,C5
596,C1
488,C3
305,C3
306,C10
210,C7
648,C3
640,C9
499,C8
900,C6
822,C4
758,C2
551,C3
414,C3
365,C6
48,C1
865,C8
162,C6
363,C1
911,C9
8,C10
60,C9
152,C3
187,C2
145,C2
44,C2
861,C7
645,C1
11,C5
328,C10
881,C3
526,C1
444,C6
407,C9
833,C1
588,C6
214,C10
988,C4
80,C7
408,C1
431,C4
455,C7
917,C6
940,C9
274,C2
483,C9
498,C2
679,C5
915,C3
580,C5
210,C1
550,C1
796,C5
965,C9
416,C6
522,C2
692,C1
228,C6
117,C4
458,C3
330,C8
709,C7
64,C4
402,C6
152,C8
551,C4
376,C4
862,C5
695,C10
6,C3
120,C9
486,C5
257,C8
650,C1
572,C1
212,C7
881,C7
10,C6
213,C4
889,C2
828,C3
85,C8
383,C6
85,C9
323,C4
228,C8
558,C7
182,C8
754,C9
555,C7
724,C10
558,C7
141,C8
340,C3
496,C3
517,C8
750,C1
45,C2
326,C10
309,C7
880,C5
794,C4
563,C5
798,C5
310,C3
229,C2
948,C7
74,C3
251,C6
378,C7
78,C1
304,C1
690,C6
873,C3
988,C2
341,C8
990,C8
986,C3
948,C9
810,C3
841,C8
386,C7
608,C5
572,C8
822,C5
641,C5
385,C1
672,C1
992,C8
901,C2
950,C7
550,C6
396,C5
600,C10
796,C1
369,C2
950,C2
764,C3
524,C1
962,C4
593,C1
457,C2
609,C4
265,C8
385,C7
406,C9
370,C5
737,C3
490,C4
345,C9
423,C4
115,C9
356,C1
18,C4
663,C1
599,C8
885,C10
443,C4
698,C7
205,C1
240,C9
4,C2
105,C6
871,C5
704,C5
707,C10
992,C10
326,C3
317,C6
454,C8
519,C8
572,C8
626,C10
731,C7
665,C6
12,C8
730,C7
748,C9
269,C5
576,C3
698,C6
491,C5
125,C7
299,C5
664,C3
943,C2
388,C5
374,C5
128,C5
382,C2
467,C2
757,C7
396,C4
803,C9
486,C7
684,C4
177,C2
355,C3
616,C4
633,C10
753,C5
503,C5
150,C1
696,C8
254,C7
883,C3
878,C8
174,C8
745,C2
494,C2
934,C5
89,C9
501,C1
79,C6
111,C1
375,C8
924,C10
320,C8
566,C6
314,C2
107,C2
116,C8
837,C6
749,C5
789,C1
629,C1
176,C1
456,C3
96,C10
968,C7
577,C5
368,C1
294,C5
374,C3
755,C8
965,C7
323,C9
13,C10
233,C8
153,C2
52,C8
374,C2
206,C9
827,C1
536,C7
431,C9
711,C9
567,C4
796,C9
752,C2
769,C6
977,C3
224,C3
301,C3
111,C1
725,C10
839,C2
234,C3
185,C7
327,C2
837,C7
703,C8
850,C4
390,C7
235,C4
748,C2
248,C8
891,C5
597,C1
124,C10
695,C1
717,C1
193,C9
536,C7
979,C10
614,C1
588,C1
522,C8
644,C5
8,C8
518,C8
103,C3
497,C6
542,C4
5,C7
882,C4
221,C4
23,C6
974,C7
314,C4
892,C9
728,C2
773,C5
210,C7
896,C5
929,C6
722,C4
932,C2
597,C5
470,C9
231,C5
834,C5
696,C4
782,C4
643,C3
452,C3
555,C4
946,C2
486,C6
804,C9
325,C8
775,C8
383,C9
412,C7
634,C4
318,C7
811,C8
219,C8
137,C6
690,C4
620,C5
866,C9
282,C7
13,C4
191,C8
624,C1
788,C8
330,C5
948,C8
394,C4
834,C9
524,C5
397,C1
521,C6
496,C4
345,C9
271,C3
243,C9
862,C2
685,C8
943,C3
641,C5
659,C5
752,C10
395,C2
718,C7
801,C5
130,C7
392,C7
311,C8
184,C6
392,C10
4,C2
239,C4
537,C8
84,C8
591,C4
354,C4
624,C4
817,C1
702,C1
814,C9
70,C3
127,C9
526,C6
785,C1
581,C3
928,C2
2,C9
113,C9
374,C8
332,C1
745,C2
258,C7
713,C4
26,C9
789,C1
197,C8
757,C6
656,C6
631,C1
724,C5
274,C4
75,C10
902,C4
283,C3
394,C2
607,C2
864,C6
721,C9
388,C10
941,C4
389,C9
678,C7
801,C1
529,C2
655,C10
669,C1
378,C9
475,C9
54,C4
376,C1
464,C8
476,C8
115,C9
179,C9
226,C8
299,C1
935,C8
558,C3
420,C8
151,C10
632,C5
972,C4
863,C7
84,C6
284,C8
529,C8
520,C5
327,C9
762,C1
794,C2
145,C7
509,C6
739,C7
391,C2
629,C1
116,C3
691,C7
442,C7
548,C3
684,C3
169,C1
990,C3
863,C2
177,C5
500,C4
41,C8
617,C9
161,C5
298,C2
871,C10
427,C6
20,C2
232,C9
136,C4
142,C6
821,C3
932,C8
640,C6
432,C3
309,C7
92,C9
617,C9
34,C7
526,C9
824,C8
505,C2
550,C6
593,C10
947,C7
244,C4
311,C3
422,C7
146,C2
717,C2
859,C4
885,C1
939,C5
710,C8
207,C8
630,C4
652,C4
517,C7
726,C4
519,C5
427,C2
326,C9
866,C9
454,C10
261,C10
549,C7
121,C1
248,C6
903,C3
652,C2
444,C2
134,C10
696,C9
297,C4
522,C1
920,C9
511,C3
366,C10
968,C9
800,C7
494,C8
479,C7
235,C4
517,C8
685,C1
650,C2
743,C1
595,C1
350,C6
64,C5
87,C7
33,C9
646,C6
716,C3
728,C2
735,C4
476,C1
139,C10
330,C4
72,C9
774,C5
8,C4
516,C9
312,C4
698,C1
61,C9
294,C8
561,C4
674,C3
63,C8
402,C8
349,C8
898,C10
982,C8
418,C6
630,C1
785,C10
662,C2
206,C7
944,C9
4,C10
144,C9
574,C4
16,C7
905,C8
367,C3
86,C8
194,C6
719,C8
816,C8
204,C5
191,C9
456,C4
663,C1
551,C5
631,C8
920,C6
90,C5
558,C3
274,C3
465,C4
663,C10
421,C4
483,C5
187,C5
752,C5
863,C5
270,C10
977,C8
551,C4
799,C8
433,C5
558,C5
436,C6
222,C5
518,C2
508,C6
134,C7
912,C1
934,C10
28,C9
200,C10
905,C4
52,C9
105,C6
371,C7
368,C6
300,C1
207,C1
911,C9
764,C9
584,C9
288,C3
577,C3
570,C2
84,C7
249,C4
501,C7
928,C7
52,C1
524,C8
124,C9
873,C4
224,C1
548,C8
14,C7
734,C6
960,C9
668,C6
263,C8
909,C2
264,C6
884,C1
392,C8
665,C10
824,C6
929,C2
507,C3
16,C4
746,C6
212,C1
322,C1
784,C9
34,C2
82,C3
950,C9
608,C9
38,C3
956,C1
119,C7
94,C5
227,C4
889,C5
579,C6
344,C10
431,C6
719,C1
670,C8
397,C3
868,C1
215,C7
603,C7
181,C8
484,C8
438,C2
621,C8
213,C6
323,C8
331,C8
592,C7
681,C2
749,C5
135,C3
938,C1
473,C8
60,C5
198,C7
506,C5
615,C6
997,C4
214,C8
941,C9
620,C1
474,C1
290,C6
823,C6
519,C1
101,C10
744,C2
584,C4
946,C9
86,C1
645,C8
103,C7
921,C10
762,C5
46,C5
661,C10
574,C6
463,C10
6,C3
241,C9
868,C3
711,C6
127,C2
573,C3
608,C5
729,C7
196,C1
398,C7
260,C5
13,C6
325,C2
550,C7
800,C2
141,C8
242,C2
900,C8
412,C10
507,C10
273,C1
87,C3
864,C1
377,C1
743,C2
42,C4
884,C9
835,C1
758,C7
112,C3
966,C9
739,C1
655,C10
554,C1
663,C10
597,C5
81,C2
821,C6
158,C2
601,C1
570,C7
445,C4
623,C9
753,C8
905,C9
522,C9
349,C1
480,C4
310,C10
922,C4
277,C10
953,C2
929,C5
501,C4
301,C5
833,C5
660,C6
118,C1
938,C4
614,C1
433,C3
224,C3
619,C10
865,C7
623,C6
205,C1
200,C8
29,C1
341,C3
187,C4
91,C3
937,C6
578,C9
676,C8
602,C9
999,C5
987,C2
79,C9
412,C7
199,C3
91,C1
493,C1
717,C4
691,C2
379,C9
735,C6
640,C2
968,C2
984,C2
220,C8
315,C1
764,C5
27,C10
489,C3
628,C8
734,C7
49,C5
970,C5
943,C4
556,C1
946,C5
424,C4
228,C5
664,C5
762,C3
609,C7
676,C7
309,C10
881,C9
709,C7
257,C4
553,C6
866,C3
889,C10
270,C2
662,C1
814,C8
81,C1
991,C7
316,C2
917,C6
184,C6
204,C4
138,C6
883,C2
881,C10
855,C1
577,C3
532,C2
997,C2
344,C8
310,C2
6,C10
688,C9
878,C9
926,C10
75,C9
33,C4
850,C6
237,C5
551,C8
128,C8
996,C6
904,C8
365,C7
606,C4
41,C8
287,C3
873,C2
23,C10
948,C3
992,C10
196,C1
1,C1
450,C8
523,C4
698,C7
889,C8
906,C8
874,C8
102,C8
502,C1
986,C7
267,C4
201,C4
900,C4
830,C5
714,C9
318,C10
743,C5
576,C9
300,C8
691,C7
218,C5
107,C2
873,C1
68,C3
520,C5
614,C6
490,C4
422,C2
187,C2
670,C8
428,C9
608,C1
331,C8
278,C10
520,C6
577,C7
586,C8
771,C6
15,C5
57,C4
581,C1
296,C1
686,C4
869,C1
126,C1
986,C3
226,C2
296,C6
629,C4
226,C7
862,C10
486,C6
938,C10
27,C2
769,C10
804,C2
893,C2
534,C4
155,C2
174,C5
917,C7
223,C1
471,C10
155,C5
969,C6
299,C1
584,C6
278,C7
563,C2
500,C4
502,C5
300,C7
133,C9
292,C7
685,C1
651,C8
370,C6
771,C3
391,C1
300,C2
254,C10
198,C5
453,C9
14,C1
972,C3
59,C7
338,C3
925,C10
665,C1
905,C9
981,C9
998,C4
680,C4
561,C10
158,C8
439,C3
306,C9
133,C7
707,C8
362,C8
549,C7
765,C4
246,C10
754,C9
847,C8
480,C6
311,C2
603,C10
514,C7
838,C5
302,C9
816,C8
895,C9
300,C4
77,C10
218,C7
447,C9
138,C10
828,C1
993,C1
117,C9
740,C8
718,C8
993,C10
4,C3
272,C10
610,C9
490,C4
826,C9
986,C6
496,C6
344,C10
187,C8
749,C6
74,C7
212,C6
329,C6
158,C3
68,C2
556,C9
902,C2
621,C2
352,C8
222,C5
47,C9
316,C2
583,C7
766,C7
507,C4
541,C3
71,C7
369,C1
850,C8
254,C9
962,C4
293,C3
476,C4
884,C9
457,C8
692,C10
958,C7
884,C8
37,C8
34,C2
859,C4
849,C6
574,C3
587,C6
69,C2
73,C9
394,C10
921,C5
220,C5
555,C1
182,C7
355,C5
835,C2
620,C5
428,C10
349,C7
138,C4
954,C4
356,C8
711,C6
713,C4
879,C2
299,C5
727,C3
453,C2
810,C2
233,C6
279,C3
85,C1
146,C3
488,C8
323,C4
378,C3
758,C10
258,C6
682,C9
524,C2
451,C2
898,C2
944,C5
579,C9
501,C8
922,C6
67,C2
769,C10
163,C6
713,C2
513,C9
927,C5
305,C10
521,C8
489,C9
878,C6
82,C9
695,C2
93,C9
189,C8
996,C9
775,C6
74,C2
331,C7
382,C9
261,C1
969,C8
172,C6
422,C6
678,C4
805,C10
868,C8
67,C3
90,C5
293,C7
118,C6
553,C7
523,C6
127,C10
419,C7
132,C8
925,C2
338,C8
249,C5
35,C9
918,C6
602,C5
123,C8
42,C10
109,C9
923,C6
670,C8
425,C9
268,C8
681,C7
253,C10
97,C5
488,C6
475,C2
929,C9
825,C10
360,C3
385,C7
103,C8
742,C8
563,C5
301,C5
548,C7
384,C10
293,C5
575,C3
902,C5
834,C5
127,C2
712,C1
752,C8
578,C9
479,C2
824,C4
371,C5
429,C4
305,C9
700,C7
234,C4
815,C5
338,C3
588,C8
89,C5
627,C5
647,C7
968,C10
220,C10
635,C7
418,C3
595,C2
287,C7
88,C7
418,C6
658,C10
317,C10
154,C4
665,C6
117,C5
15,C9
200,C3
61,C9
431,C5
329,C2
427,C8
643,C9
493,C5
704,C1
179,C7
774,C6
422,C3
416,C10
597,C5
793,C5
379,C9
282,C7
724,C4
337,C1
224,C5
372,C10
377,C8
876,C1
732,C7
204,C2
236,C7
876,C10
260,C9
218,C1
822,C10
350,C2
585,C8
359,C5
812,C5
236,C1
177,C3
772,C3
227,C5
585,C9
769,C8
816,C3
203,C1
415,C5
868,C8
542,C2
107,C6
739,C1
683,C8
900,C3
580,C8
775,C7
732,C6
6,C1
116,C10
611,C7
824,C8
898,C5
369,C1
40,C5
743,C9
811,C4
863,C6
774,C4
236,C10
195,C6
884,C2
564,C4
482,C5
491,C9
409,C10
650,C7
406,C2
43,C10
309,C3
903,C8
374,C3
421,C5
483,C9
426,C3
456,C6
938,C5
665,C7
800,C3
347,C3
33,C1
197,C9
727,C7
571,C4
788,C8
614,C9
872,C6
580,C4
75,C7
366,C8
811,C7
805,C9
714,C10
400,C5
2,C9
306,C4
356,C7
988,C4
377,C6
117,C4
148,C6
991,C1
200,C4
405,C10
949,C3
804,C10
50,C3
662,C2
344,C1
455,C10
891,C10
568,C4
21,C7
466,C6
133,C10
645,C1
585,C4
936,C6
371,C3
551,C1
354,C7
283,C8
202,C4
120,C2
584,C7
771,C2
410,C9
267,C6
663,C8
704,C5
557,C10
429,C8
127,C4
334,C1
270,C9
292,C1
669,C3
863,C6
251,C7
277,C7
231,C6
916,C3
78,C5
602,C9
848,C2
909,C7
623,C4
992,C1
702,C4
688,C8
609,C6
58,C10
588,C10
894,C1
966,C7
523,C6
910,C7
677,C6
139,C3
126,C6
940,C3
623,C4
677,C10
753,C3
578,C10
772,C5
978,C9
614,C10
806,C3
562,C9
111,C5
297,C7
689,C9
667,C5
755,C2
713,C4
457,C8
518,C5
216,C10
662,C9
759,C4
496,C2
960,C1
418,C9
393,C4
134,C6
559,C4
823,C9
47,C9
76,C8
209,C5
242,C6
275,C2
467,C4
996,C9
353,C5
138,C8
752,C6
279,C6
493,C2
154,C3
211,C2
608,C5
541,C10
407,C6
26,C9
254,C3
430,C1
277,C7
422,C6
318,C9
489,C1
403,C9
576,C6
891,C10
897,C10
710,C6
143,C10
757,C5
603,C7
453,C8
105,C3
183,C6
522,C4
649,C7
568,C5
651,C3
661,C3
636,C8
892,C5
926,C8
637,C9
32,C7
368,C9
627,C9
953,C8
993,C5
255,C3
74,C10
73,C1
328,C9
338,C4
445,C3
106,C9
18,C2
20,C6
588,C8
733,C8
576,C3
954,C8
878,C1
333,C1
338,C5
937,C8
983,C4
599,C9
237,C1
969,C9
609,C7
276,C9
525,C6
821,C9
35,C10
830,C2
578,C5
178,C5
605,C1
938,C7
481,C3
513,C8
817,C7
906,C5
339,C7
718,C7
471,C2
896,C5
597,C3
263,C3
454,C7
296,C10
182,C6
495,C9
747,C4
340,C9
331,C6
80,C10
811,C7
195,C7
69,C3
380,C3
887,C7
909,C1
192,C6
586,C6
135,C4
480,C9
693,C3
813,C6
89,C1
509,C5
124,C5
500,C4
619,C7
366,C7
755,C7
375,C1
157,C1
987,C6
143,C8
941,C7
880,C8
939,C9
907,C8
197,C1
980,C6
754,C10
754,C2
682,C5
615,C6
310,C8
930,C6
603,C1
748,C10
250,C10
867,C9
687,C8
59,C1
449,C2
42,C10
538,C7
31,C9
78,C5
834,C10
5,C5
166,C2
291,C8
928,C9
990,C8
837,C9
137,C6
128,C10
927,C2
913,C4
146,C8
663,C1
21,C6
479,C1
106,C5
874,C1
218,C7
79,C3
97,C9
35,C1
446,C3
367,C9
903,C10
448,C10
828,C2
80,C2
737,C10
603,C1
635,C10
922,C9
213,C7
123,C4
686,C10
735,C10
995,C7
419,C1
431,C3
445,C2
440,C4
987,C5
651,C9
635,C8
103,C4
475,C1
496,C1
580,C6
163,C10
617,C10
756,C2
64,C10
274,C10
402,C1
697,C2
933,C4
233,C2
57,C1
794,C4
627,C7
607,C1
873,C7
917,C2
664,C5
840,C1
478,C8
927,C5
933,C9
244,C9
257,C8
971,C7
532,C2
786,C9
851,C5
778,C4
871,C4
118,C10
734,C9
70,C1
695,C10
529,C6
947,C2
429,C4
960,C7
380,C7
847,C2
853,C5
962,C10
758,C2
949,C5
315,C3
553,C1
975,C6
321,C8
828,C8
834,C2
441,C1
143,C7
379,C10
55,C1
866,C2
765,C4
703,C8
347,C10
831,C8
858,C2
197,C1
422,C8
201,C1
794,C1
367,C9
410,C8
539,C4
911,C5
780,C9
188,C4
535,C3
537,C3
467,C7
704,C2
661,C10
647,C6
954,C6
887,C8
773,C1
463,C4
941,C3
487,C3
435,C5
576,C8
22,C7
691,C5
450,C6
673,C8
570,C4
723,C5
700,C6
55,C2
146,C5
968,C1
160,C2
748,C7
248,C2
597,C2
411,C3
757,C2
757,C6
38,C2
726,C7
107,C6
185,C6
825,C1
907,C4
744,C5
522,C2
234,C6
852,C1
488,C4
940,C6
482,C10
67,C8
753,C6
979,C9
929,C2
143,C6
67,C10
173,C8
151,C9
249,C1
840,C7
592,C8
733,C8
933,C5
490,C8
403,C3
602,C10
743,C2
914,C3
527,C6
473,C9
239,C5
625,C8
150,C3
906,C1
365,C1
396,C5
104,C3
388,C3
49,C6
921,C2
751,C1
190,C4
949,C5
322,C7
619,C4
244,C6
847,C10
471,C10
585,C6
492,C5
530,C2
397,C4
192,C5
100,C7
497,C10
368,C1
422,C10
443,C8
355,C2
194,C3
440,C8
840,C2
700,C8
382,C10
708,C3
763,C9
840,C7
886,C1
875,C9
678,C4
174,C10
869,C6
531,C9
113,C10
516,C5
861,C4
856,C4
936,C7
3,C5
213,C8
60,C6
96,C10
963,C9
799,C5
597,C8
679,C6
509,C7
597,C8
138,C2
580,C6
26,C1
367,C1
426,C8
288,C2
294,C1
787,C5
126,C7
184,C7
711,C10
922,C5
968,C5
585,C1
913,C1
113,C5
870,C7
725,C4
489,C8
279,C6
593,C7
825,C6
106,C3
989,C9
654,C9
256,C10
405,C6
687,C6
259,C5
805,C7
28,C2
505,C3
277,C3
664,C2
822,C4
833,C6
673,C9
655,C9
896,C8
681,C4
611,C8
612,C1
179,C9
673,C9
31,C6
278,C5
514,C3
926,C4
406,C8
310,C4
765,C7
706,C6
83,C2
510,C2
720,C2
7,C8
927,C1
369,C8
711,C5
444,C5
520,C9
633,C2
597,C10
600,C5
313,C8
837,C4
191,C3
878,C9
353,C3
128,C7
302,C10
759,C7
818,C5
367,C8
104,C2
936,C3
582,C2
208,C4
154,C7
184,C6
579,C3
641,C9
893,C4
763,C3
775,C8
160,C5
187,C4
242,C2
938,C10
308,C10
402,C6
729,C8
147,C7
225,C9
230,C7
893,C6
749,C2
353,C9
169,C10
27,C1
644,C4
906,C6
205,C9
791,C4
222,C9
758,C8
153,C2
682,C4
655,C1
122,C2
98,C1
383,C9
987,C1
14,C1
694,C7
321,C4
556,C2
173,C3
745,C9
979,C8
571,C6
181,C7
237,C1
728,C10
3,C4
533,C9
804,C1
298,C5
258,C4
809,C9
951,C6
649,C3
225,C8
513,C3
592,C10
508,C7
586,C8
891,C8
328,C1
819,C1
663,C5
239,C2
133,C10
958,C7
796,C9
148,C2
877,C2
477,C9
825,C8
260,C1
266,C3
287,C7
377,C6
320,C10
724,C5
682,C6
134,C9
626,C8
609,C8
844,C10
777,C2
94,C8
449,C7
387,C5
881,C5
696,C10
589,C2
132,C5
796,C1
773,C10
222,C8
990,C5
668,C6
154,C5
888,C4
147,C3
20,C5
408,C9
33,C7
406,C4
883,C4
750,C1
344,C2
269,C9
367,C9
775,C7
607,C10
952,C1
785,C7
222,C3
867,C3
652,C5
826,C8
543,C5
576,C7
804,C1
556,C7
344,C1
453,C6
921,C6
271,C8
620,C8
593,C9
148,C4
748,C4
798,C1
674,C10
2,C8
550,C10
964,C2
436,C3
96,C5
421,C1
511,C4
377,C3
187,C7
252,C6
703,C3
411,C3
19,C1
350,C4
520,C9
590,C10
253,C7
625,C4
820,C10
986,C8
821,C6
601,C5
467,C7
217,C6
717,C8
831,C10
852,C5
546,C3
640,C5
114,C10
902,C6
731,C3
225,C2
625,C1
332,C1
649,C2
145,C9
98,C7
928,C7
62,C10
862,C8
248,C8
960,C2
331,C2
56,C5
191,C9
362,C10
576,C3
990,C8
524,C8
174,C7
987,C8
417,C5
915,C8
923,C2
966,C3
354,C1
294,C2
963,C8
135,C9
319,C4
110,C6
558,C8
227,C1
449,C5
522,C10
611,C7
584,C6
57,C8
822,C5
584,C6
371,C9
187,C7
469,C8
260,C6
437,C6
436,C10
42,C10
684,C6
554,C3
653,C4
466,C2
178,C2
981,C7
225,C10
830,C1
566,C8
638,C9
861,C9
34,C3
582,C1
753,C9
315,C7
921,C4
5,C3
323,C8
653,C10
928,C10
406,C2
122,C2
764,C9
278,C7
212,C8
930,C5
577,C2
806,C6
30,C9
989,C1
778,C10
23,C2
573,C8
820,C2
710,C8
312,C2
777,C10
706,C10
845,C1
736,C10
482,C7
907,C5
739,C9
766,C3
305,C4
558,C7
976,C2
800,C9
895,C3
527,C8
294,C10
689,C3
605,C3
302,C4
444,C7
382,C7
796,C1
542,C8
821,C8
690,C7
497,C10
991,C6
103,C2
409,C4
783,C10
431,C7
677,C2
818,C2
146,C10
465,C1
61,C6
829,C6
76,C6
912,C8
137,C4
430,C3
140,C10
646,C1
891,C4
222,C7
855,C3
266,C5
778,C6
373,C8
541,C4
926,C8
628,C2
0,C5
575,C3
819,C4
580,C2
768,C6
518,C8
219,C3
514,C3
207,C8
602,C6
949,C3
61,C3
717,C2
404,C8
739,C10
545,C1
448,C2
191,C10
913,C8
57,C4
946,C10
612,C8
374,C7
491,C4
632,C1
356,C2
447,C9
446,C7
182,C8
765,C6
504,C7
544,C10
720,C4
872,C8
467,C4
52,C8
923,C9
242,C6
534,C4
922,C10
68,C2
189,C6
540,C6
581,C4
961,C3
142,C4
543,C1
63,C6
996,C8
769,C9
463,C8
120,C10
87,C3
423,C5
706,C9
509,C6
841,C8
594,C2
894,C3
278,C5
849,C8
598,C1
462,C9
248,C4
612,C1
111,C3
133,C4
678,C2
767,C6
154,C7
791,C2
906,C8
255,C4
275,C10
79,C5
581,C7
512,C6
196,C7
941,C2
536,C9
249,C1
60,C4
980,C4
731,C8
245,C3
445,C2
571,C1
765,C8
964,C3
866,C4
599,C7
268,C10
836,C2
360,C8
200,C9
857,C5
46,C4
833,C9
314,C2
686,C10
805,C5
285,C6
765,C6
54,C4
201,C9
904,C10
310,C8
327,C1
547,C3
96,C8
828,C1
765,C10
594,C7
235,C5
783,C8
346,C10
887,C9
285,C4
909,C1
134,C9
73,C4
392,C7
760,C4
414,C7
862,C6
519,C1
958,C9
449,C10
359,C1
856,C3
634,C2
368,C9
150,C8
588,C2
893,C3
135,C8
783,C7
49,C10
997,C9
47,C3
264,C5
797,C2
300,C2
570,C6
260,C10
574,C5
379,C2
507,C8
692,C1
65,C1
955,C8
503,C1
813,C10
87,C1
436,C6
988,C3
205,C9
358,C4
669,C3
435,C4
277,C3
452,C7
242,C1
25,C5
998,C9
217,C7
782,C9
324,C7
491,C2
530,C7
915,C7
868,C10
341,C4
714,C3
515,C7
666,C5
526,C3
187,C10
226,C4
800,C5
911,C3
210,C2
124,C4
986,C2
136,C9
59,C8
785,C9
587,C1
227,C2
978,C5
982,C9
132,C1
364,C8
683,C9
128,C10
234,C7
221,C10
863,C3
834,C10
411,C4
257,C8
657,C10
933,C2
727,C3
987,C9
384,C1
23,C1
594,C10
664,C3
638,C6
627,C4
688,C2
748,C5
217,C8
482,C7
937,C9
348,C10
309,C2
58,C1
171,C5
604,C2
337,C2
302,C8
493,C4
237,C7
928,C2
659,C4
318,C6
884,C10
928,C3
161,C8
729,C6
31,C5
826,C10
474,C6
464,C10
965,C9
647,C10
101,C1
203,C2
572,C3
962,C6
776,C10
287,C2
667,C7
883,C6
646,C1
965,C4
151,C5
619,C10
608,C7
621,C1
889,C10
347,C2
404,C5
522,C5
677,C9
704,C6
124,C5
495,C6
9,C4
816,C5
911,C8
882,C9
477,C3
971,C1
675,C5
318,C4
179,C6
677,C5
760,C7
271,C6
773,C2
284,C10
240,C2
187,C7
638,C9
269,C4
325,C1
445,C10
286,C1
860,C9
74,C10
205,C10
529,C7
425,C10
448,C6
757,C5
352,C4
896,C10
807,C1
541,C9
416,C4
401,C5
973,C10
34,C7
733,C6
739,C5
312,C1
554,C6
929,C6
978,C9
274,C5
93,C5
309,C6
511,C8
913,C5
792,C10
242,C1
900,C2
610,C3
29,C4
530,C7
439,C5
883,C7
126,C10
104,C3
17,C2
190,C4
271,C9
267,C1
567,C3
978,C1
92,C10
206,C5
546,C5
132,C2
143,C5
310,C2
318,C2
126,C8
601,C1
122,C4
561,C3
52,C5
146,C3
783,C2
745,C5
884,C8
599,C6
259,C8
142,C9
739,C7
689,C2
937,C7
420,C1
808,C10
92,C1
752,C6
165,C7
703,C9
695,C9
644,C3
858,C6
663,C8
664,C7
112,C10
574,C10
407,C10
636,C4
389,C5
811,C2
910,C6
696,C4
360,C2
486,C4
645,C8
116,C7
291,C6
825,C9
380,C6
621,C9
149,C2
860,C6
711,C5
73,C4
163,C6
237,C9
876,C5
510,C6
714,C8
357,C2
863,C8
995,C6
687,C8
102,C8
57,C3
183,C8
164,C9
809,C7
393,C2
333,C6
721,C2
882,C9
246,C4
501,C3
172,C9
533,C7
583,C3
722,C9
437,C10
803,C5
304,C7
195,C3
594,C3
412,C8
676,C9
164,C5
422,C10
524,C3
620,C7
100,C10
351,C9
476,C9
800,C10
138,C8
719,C2
657,C2
144,C9
837,C7
597,C5
532,C1
743,C4
707,C9
817,C3
635,C1
762,C5
259,C2
1,C10
769,C5
384,C4
484,C3
326,C10
89,C10
401,C2
916,C3
720,C8
683,C3
22,C10
195,C3
346,C6
772,C3
385,C4
518,C8
968,C1
973,C8
998,C4
557,C7
368,C4
732,C6
107,C1
86,C10
459,C3
351,C9
194,C1
279,C6
691,C3
687,C7
429,C9
753,C7
518,C2
160,C7
386,C3
396,C3
403,C8
552,C1
771,C1
565,C6
403,C3
766,C7
985,C4
355,C7
970,C3
530,C5
259,C6
112,C2
144,C1
843,C3
815,C10
766,C5
263,C8
842,C8
945,C9
326,C3
842,C4
966,C9
627,C1
365,C7
672,C7
858,C5
603,C6
421,C4
499,C6
115,C10
353,C9
236,C8
861,C8
898,C1
973,C9
67,C9
384,C5
982,C6
427,C10
96,C8
998,C6
921,C10
661,C6
907,C5
904,C9
712,C10
948,C8
767,C9
646,C2
295,C4
46,C2
340,C5
796,C1
331,C4
205,C1
266,C7
82,C3
28,C9
112,C5
997,C6
836,C2
63,C8
787,C1
829,C10
251,C7
837,C1
187,C3
773,C8
651,C2
682,C1
252,C10
620,C7
232,C9
335,C8
946,C5
858,C8
459,C1
465,C5
334,C9
901,C5
785,C7
856,C8
982,C8
919,C6
549,C5
734,C10
52,C7
809,C2
153,C8
449,C8
616,C2
525,C3
397,C4
27,C5
343,C8
751,C9
95,C6
210,C7
824,C2
565,C2
339,C1
716,C9
883,C5
755,C5
339,C8
213,C8
7,C9
511,C4
529,C4
139,C8
603,C2
661,C1
641,C4
398,C3
248,C3
287,C6
407,C9
201,C3
70,C2
280,C10
495,C9
498,C10
959,C1
982,C9
87,C7
886,C6
474,C6
301,C6
578,C8
985,C2
742,C5
823,C8
341,C2
708,C8
882,C6
536,C9
373,C5
356,C1
436,C7
668,C6
161,C9
504,C10
820,C10
142,C10
996,C6
264,C8
232,C10
42,C10
285,C8
744,C1
231,C9
862,C7
737,C5
44,C9
906,C4
971,C8
963,C3
211,C2
438,C2
61,C2
36,C8
543,C7
606,C9
658,C1
623,C3
198,C8
777,C10
602,C9
920,C1
453,C7
497,C3
411,C9
312,C9
528,C4
264,C10
471,C4
106,C3
466,C9
703,C2
564,C4
896,C9
435,C10
897,C9
757,C10
386,C6
210,C5
876,C10
33,C7
643,C8
275,C9
323,C9
728,C5
740,C8
626,C4
601,C9
374,C9
50,C1
771,C8
399,C1
867,C9
909,C6
283,C1
645,C10
884,C5
275,C8
518,C7
66,C4
939,C10
454,C8
311,C7
561,C1
151,C2
276,C6
281,C7
261,C7
885,C3
904,C7
410,C4
988,C2
670,C7
249,C8
125,C2
570,C5
388,C10
309,C3
751,C10
859,C1
917,C5
747,C6
161,C3
309,C5
172,C5
427,C7
150,C2
5,C9
582,C3
320,C3
234,C4
217,C5
55,C3
354,C1
523,C8
108,C10
523,C8
360,C1
907,C6
775,C7
191,C6
639,C6
107,C6
604,C5
990,C7
202,C3
278,C9
887,C10
890,C7
299,C5
810,C9
307,C3
895,C1
434,C7
198,C1
547,C8
71,C5
922,C6
821,C2
497,C10
896,C10
322,C2
301,C5
782,C7
231,C9
232,C2
614,C6
832,C5
116,C10
615,C5
828,C4
166,C2
750,C10
931,C7
833,C9
856,C5
264,C8
611,C10
877,C10
129,C3
678,C5
19,C8
111,C5
526,C8
462,C10
104,C2
662,C4
192,C9
736,C9
150,C5
924,C6
296,C9
958,C7
547,C8
734,C5
456,C1
967,C4
823,C4
829,C10
839,C3
570,C9
741,C9
936,C5
929,C5
867,C9
631,C5
543,C9
563,C4
859,C7
934,C10
225,C2
99,C3
441,C6
552,C5
954,C4
175,C10
251,C9
520,C2
579,C9
338,C1
843,C9
640,C4
340,C7
53,C8
692,C7
536,C9
820,C6
2,C8
29,C2
820,C9
938,C5
302,C8
328,C6
238,C8
239,C10
20,C9
706,C1
292,C5
32,C2
646,C6
928,C7
423,C3
409,C2
728,C5
620,C5
821,C7
82,C2
110,C1
692,C4
81,C10
961,C6
400,C7
333,C9
249,C2
418,C7
175,C7
698,C10
805,C1
264,C9
100,C1
685,C9
195,C10
89,C1
177,C10
116,C4
961,C6
645,C2
418,C8
851,C5
782,C9
634,C4
382,C7
552,C5
402,C3
681,C8
142,C8
669,C10
248,C5
630,C8
346,C1
61,C4
713,C8
565,C1
919,C3
434,C10
994,C6
729,C10
491,C6
36,C7
224,C3
601,C9
800,C5
967,C6
539,C3
960,C7
758,C9
428,C3
322,C10
304,C10
524,C1
834,C7
449,C2
595,C7
518,C5
680,C8
86,C4
346,C8
545,C7
60,C3
42,C4
630,C4
507,C8
259,C5
691,C2
376,C8
595,C10
641,C7
729,C3
565,C7
913,C3
858,C6
684,C9
476,C8
672,C2
592,C1
313,C5
338,C8
952,C9
662,C5
45,C6
525,C6
78,C6
750,C10
355,C3
714,C8
824,C6
85,C2
78,C9
97,C9
482,C7
813,C8
268,C7
74,C8
332,C6
761,C4
468,C7
73,C8
337,C8
61,C1
693,C10
66,C4
92,C1
617,C5
664,C1
271,C1
162,C5
575,C5
408,C8
43,C4
692,C5
253,C8
120,C3
503,C9
749,C5
98,C5
974,C3
712,C5
815,C8
479,C8
774,C2
522,C2
251,C6
93,C10
726,C3
668,C7
465,C3
758,C3
422,C6
953,C2
847,C9
3,C7
315,C10
14,C4
468,C8
385,C6
23,C2
176,C9
479,C4
756,C5
677,C4
897,C5
57,C3
954,C10
115,C6
0,C8
562,C8
846,C9
553,C1
260,C6
248,C6
374,C9
737,C4
964,C6
503,C8
562,C5
353,C7
631,C7
176,C3
762,C1
919,C1
919,C8
177,C8
493,C2
171,C1
864,C8
461,C5
801,C7
240,C7
8,C6
653,C7
944,C5
676,C6
1,C4
716,C8
79,C10
449,C4
844,C4
841,C2
10,C6
239,C10
297,C5
308,C3
74,C10
961,C6
151,C4
676,C4
425,C8
388,C7
464,C9
216,C5
798,C7
554,C7
851,C7
859,C5
397,C3
717,C10
549,C2
295,C2
591,C9
99,C3
451,C2
662,C7
645,C4
962,C8
346,C10
428,C2
926,C6
425,C1
612,C10
635,C10
56,C3
522,C3
164,C7
739,C3
206,C8
821,C8
323,C6
835,C2
143,C9
860,C3
605,C9
140,C7
626,C7
812,C9
740,C3
552,C6
557,C7
502,C7
36,C2
721,C2
828,C9
557,C5
7,C5
650,C2
437,C9
517,C6
878,C8
872,C9
615,C4
723,C8
547,C8
496,C1
408,C1
611,C8
355,C2
749,C10
908,C9
116,C10
97,C3
302,C8
286,C10
436,C8
172,C1
375,C1
947,C6
36,C1
668,C5
159,C10
486,C3
785,C6
915,C6
549,C5
200,C5
374,C5
7,C2
19,C2
712,C5
752,C2
747,C2
827,C8
380,C5
178,C7
263,C6
716,C3
796,C7
359,C9
772,C1
978,C6
145,C2
542,C3
958,C1
15,C7
776,C1
350,C2
94,C1
158,C7
764,C4
726,C1
281,C5
284,C6
506,C1
305,C7
536,C6
973,C7
631,C1
704,C2
476,C7
36,C2
547,C1
402,C4
615,C5
382,C5
563,C2
659,C2
969,C3
822,C3
634,C7
244,C4
720,C9
657,C4
766,C5
584,C1
947,C6
133,C5
570,C1
270,C7
804,C6
275,C6
393,C10
205,C7
943,C4
404,C3
255,C5
298,C3
114,C3
241,C9
927,C6
167,C4
756,C1
400,C8
550,C8
184,C7
86,C8
754,C4
585,C6
85,C5
115,C10
533,C9
714,C7
124,C6
691,C2
59,C2
556,C2
401,C6
670,C8
704,C1
482,C10
899,C1
238,C8
984,C7
318,C9
959,C4
894,C4
399,C6
465,C1
613,C1
186,C5
789,C10
837,C2
875,C1
710,C5
919,C6
997,C7
549,C1
5,C8
701,C8
218,C3
104,C7
457,C2
72,C6
304,C3
485,C9
951,C10
662,C8
515,C7
184,C10
249,C6
394,C5
907,C10
384,C4
684,C3
424,C9
976,C1
569,C3
87,C1
655,C4
917,C1
257,C1
955,C9
489,C8
68,C7
280,C4
89,C7
403,C7
631,C3
635,C10
416,C5
191,C7
4,C3
28,C8
423,C5
514,C3
327,C6
511,C8
241,C7
182,C6
416,C10
388,C8
112,C4
90,C6
850,C2
179,C8
793,C2
298,C3
630,C4
35,C9
217,C9
650,C9
35,C2
185,C7
503,C5
892,C5
427,C4
417,C6
351,C8
483,C8
235,C9
258,C4
381,C6
83,C1
112,C10
469,C1
830,C10
428,C4
112,C2
973,C2
364,C3
268,C1
311,C8
363,C1
344,C4
588,C8
724,C2
81,C3
781,C2
606,C4
24,C2
631,C5
116,C3
335,C9
585,C10
564,C10
979,C8
725,C1
377,C6
277,C3
232,C2
254,C3
593,C4
445,C8
958,C8
946,C5
907,C5
293,C8
647,C7
133,C5
334,C2
563,C9
97,C1
464,C1
947,C9
378,C6
161,C8
485,C9
736,C5
668,C9
739,C8
17,C6
240,C10
665,C8
280,C2
586,C9
650,C7
212,C4
571,C1
767,C2
940,C1
224,C1
481,C10
628,C6
354,C9
19,C9
238,C8
290,C9
108,C3
569,C2
752,C1
997,C8
425,C8
106,C9
577,C4
698,C4
315,C4
493,C10
81,C10
441,C6
195,C7
135,C4
577,C2
557,C9
764,C8
694,C3
669,C3
234,C5
926,C2
6,C2
444,C6
775,C1
958,C7
566,C5
582,C9
651,C6
354,C5
216,C2
489,C7
840,C2
480,C1
133,C9
795,C2
792,C1
447,C2
838,C3
602,C8
548,C10
32,C8
736,C8
383,C9
763,C4
304,C5
913,C9
645,C3
910,C8
57,C2
640,C7
482,C5
391,C8
223,C8
184,C3
652,C10
656,C6
939,C7
145,C8
702,C6
609,C6
817,C7
864,C1
913,C9
659,C7
905,C4
519,C2
466,C6
149,C5
974,C6
901,C2
652,C2
802,C4
417,C2
99,C7
854,C1
7,C7
255,C10
56,C1
867,C6
237,C2
870,C6
837,C3
175,C10
658,C7
34,C8
587,C4
811,C1
287,C6
204,C6
124,C7
896,C6
320,C8
259,C10
458,C9
30,C6
812,C6
77,C3
777,C6
530,C2
795,C1
700,C4
730,C6
537,C1
530,C10
468,C7
871,C5
344,C2
759,C5
690,C1
115,C6
584,C7
441,C10
352,C8
21,C1
807,C6
460,C5
469,C7
515,C2
12,C8
798,C5
68,C4
38,C6
286,C10
255,C5
332,C3
665,C1
227,C8
696,C7
455,C10
509,C5
304,C10
276,C1
11,C4
517,C8
275,C8
844,C9
238,C2
604,C3
123,C4
119,C6
736,C3
582,C8
544,C2
961,C8
896,C3
977,C7
508,C7
873,C1
492,C10
885,C10
646,C9
286,C1
646,C4
639,C1
238,C1
495,C10
890,C8
710,C10
430,C2
626,C5
224,C8
362,C3
28,C5
673,C2
91,C5
344,C4
535,C10
908,C4
690,C10
656,C4
326,C6
781,C3
821,C5
448,C9
637,C2
341,C2
754,C5
636,C8
387,C9
363,C9
207,C7
958,C3
286,C2
534,C9
554,C4
615,C7
682,C10
711,C10
582,C5
766,C7
903,C5
410,C1
947,C2
124,C6
594,C7
358,C9
45,C7
679,C8
9,C6
651,C2
12,C6
2,C3
486,C5
213,C8
913,C2
305,C7
391,C10
671,C3
699,C2
720,C2
87,C6
386,C1
75,C9
921,C10
984,C8
868,C7
841,C6
567,C6
609,C6
923,C10
400,C2
33,C5
954,C2
881,C7
606,C1
392,C4
409,C1
558,C5
549,C1
953,C7
491,C10
149,C8
328,C6
270,C10
940,C1
504,C1
179,C3
837,C2
755,C8
685,C6
818,C6
488,C4
111,C6
478,C5
623,C5
514,C10
308,C7
468,C6
453,C7
983,C9
19,C10
487,C3
984,C9
6,C5
397,C9
906,C10
595,C2
954,C10
194,C7
392,C7
647,C1
428,C10
486,C9
264,C10
67,C1
307,C7
434,C5
849,C2
538,C1
647,C5
919,C7
516,C3
750,C5
667,C7
408,C8
366,C9
797,C8
930,C7
376,C8
837,C10
156,C4
803,C7
363,C7
175,C5
985,C10
438,C5
667,C4
354,C9
982,C2
118,C4
595,C8
260,C5
12,C6
655,C3
658,C8
140,C9
790,C6
977,C1
155,C6
145,C6
597,C7
946,C6
295,C4
749,C1
230,C3
600,C5
327,C2
543,C1
636,C3
976,C6
757,C2
592,C9
684,C9
274,C6
200,C4
738,C10
555,C4
529,C4
91,C4
429,C10
255,C6
333,C10
667,C8
616,C7
774,C9
151,C10
333,C6
617,C8
321,C2
70,C8
453,C3
172,C9
865,C9
841,C5
734,C5
997,C2
666,C9
280,C10
424,C9
784,C7
730,C1
71,C4
208,C1
870,C5
5,C10
250,C6
829,C3
949,C2
960,C7
988,C3
229,C7
619,C3
412,C10
516,C7
986,C7
965,C9
125,C2
664,C7
198,C6
153,C1
492,C9
885,C8
283,C4
980,C5
732,C4
503,C8
302,C8
694,C8
874,C5
907,C3
803,C10
66,C5
638,C8
627,C6
704,C10
557,C7
639,C2
490,C3
956,C8
726,C2
794,C6
645,C7
810,C10
825,C10
149,C2
988,C6
714,C7
638,C8
865,C1
427,C2
67,C8
356,C7
682,C8
612,C8
514,C8
847,C9
349,C8
106,C7
985,C6
388,C8
682,C7
206,C5
823,C6
316,C8
657,C7
631,C2
682,C4
477,C10
721,C8
680,C7
684,C9
467,C1
214,C8
357,C2
284,C7
758,C7
382,C8
90,C8
121,C6
67,C6
377,C7
567,C8
294,C4
659,C3
183,C1
672,C8
31,C7
636,C5
307,C1
976,C9
40,C10
329,C7
124,C3
883,C4
875,C6
88,C2
812,C5
649,C1
205,C4
304,C5
293,C5
314,C9
156,C5
732,C9
899,C7
372,C9
836,C3
710,C1
657,C6
762,C4
17,C6
93,C2
872,C8
428,C3
313,C8
260,C9
20,C5
401,C6
761,C4
713,C2
926,C6
340,C10
633,C5
848,C8
83,C2
785,C9
322,C9
155,C4
714,C5
939,C1
910,C9
277,C2
876,C9
836,C10
593,C1
636,C6
994,C3
161,C4
499,C2
495,C8
479,C4
706,C8
532,C4
109,C7
450,C9
136,C1
975,C1
370,C8
932,C9
651,C8
568,C9
965,C2
572,C4
146,C4
314,C1
138,C7
84,C2
511,C7
82,C1
302,C7
564,C4
349,C9
562,C3
806,C10
650,C3
733,C9
133,C4
87,C3
46,C10
920,C2
584,C6
325,C6
841,C6
325,C6
137,C6
467,C4
651,C1
947,C8
180,C2
430,C10
617,C10
330,C10
235,C7
891,C7
581,C5
207,C1
401,C7
721,C9
623,C5
337,C3
923,C9
57,C4
176,C4
63,C4
484,C9
336,C8
689,C6
775,C10
773,C8
912,C5
800,C7
769,C4
39,C8
205,C10
332,C2
736,C6
978,C6
810,C8
396,C3
327,C1
648,C6
966,C3
440,C9
955,C3
724,C9
639,C3
543,C6
398,C8
395,C7
631,C4
460,C1
66,C9
35,C5
637,C5
282,C9
290,C7
890,C8
301,C10
737,C2
131,C3
92,C3
462,C10
237,C6
502,C10
141,C2
882,C2
563,C5
655,C5
543,C8
585,C3
817,C5
959,C3
142,C9
407,C5
796,C2
589,C9
61,C10
605,C6
71,C3
736,C3
778,C1
977,C3
384,C4
946,C9
485,C3
113,C4
11,C1
331,C6
84,C5
413,C9
835,C9
499,C5
275,C4
410,C9
821,C4
490,C5
678,C2
640,C6
968,C8
966,C7
164,C2
169,C10
787,C10
811,C9
626,C1
273,C8
277,C4
707,C8
520,C1
888,C5
466,C9
164,C1
830,C7
437,C9
699,C8
188,C6
535,C5
93,C3
722,C8
218,C4
370,C9
378,C8
52,C1
904,C9
364,C9
313,C6
597,C5
890,C9
298,C4
650,C2
392,C3
604,C5
742,C1
739,C10
593,C6
886,C1
206,C9
853,C1
461,C7
566,C5
412,C1
716,C5
328,C6
611,C6
124,C7
381,C1
651,C7
102,C8
7,C10
514,C10
290,C3
302,C9
302,C4
880,C3
762,C5
998,C1
426,C8
606,C3
151,C10
574,C8
704,C1
461,C6
887,C2
106,C10
587,C1
933,C5
831,C3
53,C7
695,C4
676,C2
212,C10
940,C1
270,C4
724,C9
915,C8
22,C8
983,C8
851,C8
894,C3
783,C2
180,C6
426,C4
759,C4
680,C4
667,C5
412,C6
744,C8
18,C8
12,C2
817,C6
908,C8
384,C1
181,C3
333,C5
907,C10
106,C4
678,C7
581,C3
65,C5
652,C2
12,C3
569,C8
35,C2
810,C10
999,C4
910,C4
478,C6
297,C5
770,C6
946,C7
550,C8
760,C2
369,C2
743,C8
558,C9
1,C4
49,C9
857,C8
707,C6
676,C3
253,C8
14,C7
242,C4
4,C1
752,C5
650,C10
621,C4
338,C3
153,C10
629,C7
694,C10
263,C2
655,C7
288,C1
49,C10
128,C5
973,C7
223,C3
704,C5
142,C9
63,C7
946,C1
609,C5
830,C3
436,C2
919,C8
976,C1
100,C7
407,C10
420,C1
671,C1
69,C9
508,C1
576,C3
297,C9
387,C4
377,C6
734,C1
48,C8
140,C6
258,C4
898,C4
391,C8
181,C5
448,C3
105,C4
37,C5
623,C2
776,C8
61,C9
758,C4
12,C4
862,C3
433,C6
172,C10
331,C6
760,C6
163,C5
72,C9
316,C3
870,C7
315,C6
259,C8
748,C1
961,C1
924,C9
21,C1
703,C9
554,C2
498,C1
834,C1
574,C8
784,C1
845,C3
700,C4
921,C6
517,C3
7,C10
381,C5
435,C8
135,C2
974,C10
315,C8
593,C5
344,C7
554,C1
196,C4
222,C10
748,C6
720,C3
472,C8
484,C10
702,C10
747,C4
856,C6
527,C8
704,C6
224,C8
163,C6
430,C6
107,C5
591,C10
361,C8
238,C7
212,C7
885,C4
527,C1
759,C4
975,C2
758,C5
657,C2
885,C1
802,C7
305,C3
836,C4
193,C7
982,C3
484,C4
552,C10
266,C3
13,C9
761,C5
804,C9
147,C4
172,C8
513,C7
444,C2
470,C6
811,C3
54,C7
271,C5
473,C9
793,C6
768,C3
441,C2
661,C4
296,C5
539,C5
626,C8
239,C2
972,C1
62,C8
217,C2
236,C4
44,C1
736,C8
210,C6
303,C10
577,C1
465,C3
318,C8
946,C9
173,C6
782,C9
853,C7
849,C5
279,C6
216,C7
43,C1
704,C7
140,C6
175,C4
275,C2
11,C9
506,C10
121,C9
781,C7
879,C1
275,C6
955,C10
675,C4
945,C9
111,C6
672,C4
261,C3
268,C7
404,C3
383,C8
245,C2
957,C6
761,C7
305,C7
272,C8
678,C5
478,C9
59,C9
812,C7
58,C2
31,C4
195,C10
166,C8
54,C4
312,C4
748,C7
161,C1
353,C4
241,C8
7,C2
369,C4
186,C5
228,C4
851,C10
814,C7
224,C9
276,C2
47,C2
316,C6
197,C10
90,C10
967,C8
515,C3
455,C3
726,C3
141,C9
652,C10
25,C10
936,C6
625,C10
23,C5
80,C10
486,C6
882,C6
413,C1
880,C3
236,C8
125,C7
29,C2
272,C1
494,C1
904,C8
257,C10
454,C5
25,C9
92,C5
426,C1
457,C3
867,C1
953,C6
406,C1
746,C6
200,C3
459,C7
14,C5
79,C8
265,C5
672,C10
2,C10
238,C6
168,C1
56,C10
95,C1
127,C9
886,C4
520,C2
189,C10
343,C4
709,C3
637,C6
274,C10
507,C1
939,C7
35,C9
602,C2
955,C4
157,C3
265,C4
553,C1
109,C10
914,C4
218,C6
167,C3
515,C2
733,C2
468,C4
646,C10
380,C1
178,C10
48,C10
682,C3
378,C10
614,C8
727,C6
679,C8
353,C1
142,C8
553,C6
385,C2
428,C1
706,C4
27,C5
122,C9
530,C6
794,C6
81,C6
426,C8
47,C9
791,C9
113,C9
112,C10
827,C9
75,C10
372,C3
190,C2
551,C5
914,C6
426,C5
754,C1
990,C4
410,C6
153,C2
747,C9
961,C9
456,C6
500,C9
34,C3
245,C2
148,C9
980,C1
999,C5
701,C9
778,C3
515,C7
382,C8
28,C2
223,C1
728,C6
231,C10
626,C3
729,C6
655,C5
218,C9
538,C3
30,C9
14,C8
927,C7
403,C5
307,C10
757,C6
957,C7
382,C9
818,C2
735,C3
791,C7
177,C1
27,C4
101,C8
790,C4
373,C10
648,C1
837,C2
578,C4
955,C10
414,C4
390,C2
686,C10
37,C10
48,C4
44,C7
861,C10
626,C5
918,C6
644,C6
292,C5
12,C3
247,C3
651,C9
652,C7
442,C9
599,C2
983,C2
594,C2
436,C10
851,C9
105,C10
62,C8
126,C10
288,C1
772,C3
183,C7
981,C6
594,C7
885,C8
447,C5
200,C6
505,C4
798,C7
502,C7
670,C8
796,C1
368,C5
321,C10
225,C4
713,C10
404,C6
783,C9
789,C5
519,C7
577,C9
684,C4
51,C6
336,C1
809,C5
595,C10
309,C9
190,C7
369,C10
57,C5
299,C3
504,C4
986,C1
423,C7
979,C7
243,C8
666,C9
1,C3
440,C5
154,C4
525,C6
362,C3
849,C1
381,C4
385,C4
294,C6
947,C8
944,C3
453,C7
186,C4
263,C1
610,C5
678,C4
103,C4
567,C1
832,C5
896,C4
14,C3
809,C5
912,C2
259,C9
1,C7
474,C9
529,C3
334,C10
816,C1
530,C5
233,C1
835,C10
826,C4
572,C9
407,C2
123,C8
100,C4
331,C1
502,C8
797,C7
627,C1
631,C6
970,C4
101,C6
9,C1
203,C2
61,C5
210,C4
97,C5
718,C3
904,C6
825,C10
507,C2
377,C4
871,C2
321,C7
25,C3
184,C2
988,C10
409,C7
803,C1
658,C1
673,C10
926,C4
556,C10
902,C4
417,C5
815,C6
51,C10
744,C3
397,C7
953,C3
502,C3
913,C5
3,C1
755,C4
333,C3
659,C10
684,C9
497,C1
596,C1
137,C8
254,C3
850,C3
184,C2
109,C4
13,C4
32,C2
634,C10
915,C4
680,C4
733,C2
513,C3
206,C9
423,C8
610,C1
205,C10
923,C4
489,C7
443,C10
137,C6
360,C4
564,C4
42,C3
106,C2
131,C8
819,C9
648,C10
511,C4
445,C4
571,C6
435,C4
614,C10
433,C7
589,C1
36,C2
408,C4
512,C8
521,C6
374,C2
76,C3
35,C6
746,C10
142,C10
530,C1
779,C7
294,C9
584,C10
76,C10
175,C5
544,C6
391,C6
483,C2
551,C6
980,C1
868,C5
133,C7
227,C3
695,C2
274,C3
345,C5
186,C10
451,C5
784,C9
266,C7
590,C6
835,C6
358,C1
77,C4
676,C9
735,C7
825,C1
407,C5
659,C5
296,C7
815,C4
999,C4
437,C5
630,C8
529,C3
927,C8
107,C10
272,C9
465,C3
494,C4
314,C10
66,C6
841,C9
532,C6
446,C1
537,C6
937,C1
695,C8
916,C9
804,C3
460,C6
162,C4
222,C1
646,C2
428,C4
503,C6
953,C3
654,C4
735,C1
151,C6
586,C3
25,C4
628,C8
339,C10
549,C1
680,C9
831,C9
835,C5
910,C8
226,C1
495,C4
194,C6
549,C10
0,C2
860,C9
566,C7
3,C5
550,C1
280,C2
32,C6
938,C1
723,C3
107,C3
938,C5
342,C7
458,C6
313,C9
951,C9
104,C2
541,C4
736,C8
95,C1
33,C10
581,C5
488,C7
593,C7
270,C8
60,C9
537,C10
780,C5
970,C10
116,C5
846,C6
325,C8
16,C8
861,C7
93,C9
98,C5
461,C7
86,C8
526,C4
683,C10
623,C8
496,C2
913,C8
836,C2
160,C2
363,C7
122,C4
739,C9
352,C8
511,C10
146,C4
359,C2
58,C3
593,C1
826,C3
28,C5
487,C2
649,C3
361,C9
752,C3
516,C6
7,C6
202,C5
875,C5
813,C10
674,C9
310,C7
181,C2
573,C1
535,C8
786,C5
307,C6
870,C2
373,C2
709,C3
91,C10
936,C9
283,C2
905,C7
883,C6
289,C8
203,C1
673,C8
361,C10
930,C10
670,C6
388,C4
751,C8
311,C7
973,C6
612,C8
167,C6
781,C2
795,C2
374,C6
288,C6
370,C5
192,C6
931,C7
13,C1
797,C3
587,C4
218,C7
310,C4
891,C10
215,C2
436,C3
307,C3
914,C10
525,C1
292,C7
380,C9
721,C10
48,C7
337,C10
22,C2
386,C6
792,C1
934,C10
625,C3
35,C1
907,C9
169,C7
793,C2
169,C6
121,C2
223,C7
861,C4
791,C8
47,C9
823,C6
415,C9
848,C2
885,C9
603,C5
876,C7
589,C5
997,C7
631,C9
379,C1
467,C5
667,C8
322,C5
433,C7
671,C7
238,C5
761,C2
386,C6
170,C9
64,C2
190,C1
291,C5
975,C3
471,C6
128,C3
166,C2
741,C9
142,C4
881,C2
79,C8
46,C3
17,C10
542,C1
414,C3
837,C7
260,C8
661,C2
803,C7
421,C3
498,C7
228,C7
770,C10
706,C7
409,C8
789,C4
426,C4
868,C2
846,C6
834,C6
734,C9
952,C6
689,C6
887,C7
20,C1
842,C8
761,C1
527,C8
894,C3
189,C10
927,C5
248,C3
604,C4
443,C4
270,C5
791,C10
361,C6
218,C7
343,C7
408,C1
596,C7
675,C10
831,C1
150,C5
844,C7
371,C4
977,C8
405,C4
770,C3
488,C10
542,C10
770,C9
323,C1
658,C10
844,C4
907,C1
296,C4
130,C5
598,C9
509,C8
439,C8
99,C9
671,C6
761,C7
495,C10
576,C3
428,C4
866,C9
607,C1
533,C5
449,C2
363,C1
501,C3
140,C7
242,C5
573,C4
98,C8
954,C9
328,C10
21,C5
154,C1
452,C9
820,C9
729,C4
370,C1
327,C10
524,C4
771,C10
900,C9
72,C8
441,C6
345,C4
797,C2
58,C9
746,C6
31,C9
302,C8
277,C3
433,C7
306,C7
277,C1
70,C6
272,C2
373,C9
531,C2
505,C9
697,C5
398,C3
259,C2
50,C10
872,C2
42,C2
461,C7
587,C5
417,C7
289,C3
478,C8
287,C2
560,C10
533,C2
53,C6
938,C6
552,C10
331,C6
989,C5
265,C4
80,C3
387,C9
253,C2
200,C1
212,C3
45,C8
838,C9
643,C10
487,C3
660,C7
437,C7
276,C1
643,C1
25,C8
81,C6
750,C5
967,C8
39,C10
812,C1
235,C10
387,C3
877,C10
345,C9
239,C5
545,C1
673,C5
467,C8
12,C9
672,C1
122,C3
167,C8
672,C2
301,C9
16,C6
158,C6
33,C8
387,C6
436,C2
421,C2
789,C6
241,C8
267,C3
662,C5
523,C4
667,C5
605,C6
874,C6
943,C10
249,C1
868,C3
788,C2
554,C5
528,C7
859,C3
726,C1
758,C9
77,C8
910,C10
370,C2
963,C6
366,C3
582,C2
202,C6
706,C4
348,C10
513,C10
363,C9
356,C10
258,C5
99,C7
258,C10
553,C1
61,C7
139,C6
752,C4
608,C3
918,C7
552,C6
156,C9
729,C3
258,C6
470,C6
911,C5
607,C7
948,C1
260,C3
982,C1
59,C2
459,C4
687,C1
794,C8
307,C6
816,C10
790,C5
946,C2
800,C4
576,C7
481,C4
523,C7
603,C2
474,C9
588,C5
637,C9
65,C5
170,C4
42,C7
915,C2
262,C9
57,C7
602,C10
319,C5
364,C5
846,C1
736,C9
225,C5
942,C9
117,C10
547,C10
110,C7
929,C2
931,C9
791,C3
143,C8
126,C9
607,C3
694,C5
133,C8
605,C5
343,C8
538,C8
871,C4
580,C4
857,C6
111,C9
299,C2
27,C8
960,C9
823,C10
781,C5
547,C6
552,C7
515,C3
765,C5
796,C3
874,C8
825,C5
674,C7
791,C7
144,C9
211,C9
916,C2
341,C10
994,C6
484,C4
87,C4
427,C6
974,C2
120,C3
972,C2
996,C5
923,C4
423,C5
242,C2
688,C3
581,C1
714,C6
749,C2
195,C4
249,C2
780,C8
515,C5
309,C10
523,C7
706,C5
404,C9
363,C5
325,C7
490,C3
7,C10
18,C7
493,C10
238,C9
219,C2
725,C5
322,C6
51,C2
289,C3
604,C7
336,C5
995,C2
532,C5
513,C3
221,C6
750,C6
582,C1
356,C10
657,C9
31,C7
973,C4
602,C6
441,C2
666,C9
379,C10
154,C6
664,C9
131,C9
198,C7
309,C10
729,C4
960,C3
378,C9
772,C9
917,C7
744,C7
544,C7
572,C1
887,C5
20,C3
195,C2
750,C6
417,C5
714,C10
204,C1
192,C1
110,C1
739,C2
741,C9
915,C4
527,C8
235,C1
144,C5
389,C5
256,C8
794,C4
463,C1
171,C10
643,C1
136,C5
80,C6
340,C6
963,C3
396,C4
993,C8
227,C8
16,C10
76,C5
723,C10
86,C7
690,C5
691,C9
640,C9
752,C2
687,C4
315,C2
266,C9
766,C2
329,C8
98,C8
306,C6
833,C1
976,C3
392,C10
725,C3
944,C1
938,C4
864,C8
491,C4
297,C5
910,C7
655,C4
566,C9
87,C9
460,C8
457,C6
768,C4
187,C10
768,C1
913,C4
421,C9
123,C10
723,C2
294,C3
286,C1
648,C2
425,C8
989,C2
261,C1
35,C9
733,C4
667,C5
13,C7
466,C8
885,C8
426,C7
944,C5
633,C10
967,C9
908,C9
318,C8
910,C8
41,C8
86,C2
279,C2
919,C3
309,C6
760,C3
13,C1
377,C9
870,C5
293,C6
971,C8
826,C2
372,C2
984,C7
669,C1
496,C3
275,C2
259,C10
278,C6
133,C6
220,C7
718,C8
253,C2
298,C4
855,C10
996,C10
143,C3
47,C1
314,C1
766,C8
417,C4
639,C10
913,C4
758,C3
642,C6
433,C5
116,C10
744,C5
941,C4
710,C3
661,C6
303,C2
582,C1
114,C2
243,C2
126,C10
330,C6
972,C1
795,C6
277,C6
406,C3
531,C3
575,C9
831,C10
805,C5
124,C6
789,C8
675,C1
234,C4
259,C4
416,C9
368,C7
395,C10
80,C6
611,C3
687,C1
807,C2
963,C8
998,C10
481,C8
901,C6
103,C1
537,C1
460,C6
920,C1
701,C2
811,C3
301,C8
991,C3
612,C3
826,C9
494,C3
935,C10
235,C8
391,C1
30,C4
365,C4
14,C6
708,C2
591,C6
23,C1
461,C7
874,C10
743,C9
76,C4
24,C9
395,C9
696,C9
214,C8
264,C3
745,C7
397,C7
933,C5
223,C10
388,C7
44,C5
483,C1
564,C2
554,C8
899,C2
231,C10
995,C8
528,C7
405,C5
411,C5
828,C1
440,C2
701,C5
510,C8
382,C8
47,C6
707,C3
222,C3
271,C3
667,C3
569,C2
98,C9
609,C5
621,C4
258,C5
395,C9
945,C2
823,C1
678,C1
946,C4
954,C3
224,C5
635,C8
323,C1
909,C5
458,C10
137,C10
81,C8
528,C9
920,C7
712,C5
678,C10
355,C3
671,C8
389,C7
44,C5
495,C1
955,C7
91,C5
361,C4
523,C9
269,C5
307,C4
405,C8
652,C3
168,C9
872,C8
291,C2
523,C1
827,C4
561,C3
249,C1
71,C10
718,C9
73,C5
779,C2
159,C6
45,C2
55,C9
985,C7
893,C4
638,C1
327,C4
320,C2
152,C3
848,C3
698,C1
8,C3
521,C2
670,C5
744,C5
323,C1
25,C2
964,C5
809,C5
235,C3
29,C3
753,C10
925,C7
347,C2
551,C10
734,C1
220,C3
607,C8
985,C3
702,C8
522,C7
198,C8
824,C6
183,C1
80,C5
286,C4
479,C8
471,C3
777,C3
535,C9
701,C2
889,C2
465,C1
478,C3
376,C1
523,C7
758,C10
46,C4
585,C2
257,C10
624,C9
843,C1
605,C5
609,C2
243,C10
16,C2
23,C5
887,C7
600,C1
542,C8
229,C1
998,C7
660,C2
555,C2
871,C7
836,C2
577,C4
303,C5
714,C4
588,C1
145,C4
699,C7
108,C5
67,C1
794,C6
670,C8
492,C2
442,C8
773,C5
383,C5
312,C10
128,C4
418,C8
186,C8
44,C6
579,C3
158,C6
417,C1
308,C5
765,C6
625,C10
559,C9
876,C2
677,C7
527,C2
663,C5
680,C6
585,C7
506,C5
340,C9
846,C10
471,C9
202,C3
7,C5
956,C8
724,C3
245,C10
234,C8
12,C2
461,C9
184,C3
29,C9
533,C4
859,C10
175,C8
261,C7
680,C1
675,C3
260,C10
474,C3
175,C5
663,C10
395,C7
645,C10
393,C5
987,C10
875,C9
544,C2
355,C6
804,C10
840,C8
235,C2
212,C7
373,C3
516,C8
577,C10
207,C3
192,C3
273,C8
128,C10
700,C8
909,C3
690,C7
840,C10
912,C2
45,C5
845,C8
328,C5
390,C2
841,C10
448,C3
527,C8
845,C1
360,C10
484,C10
87,C5
379,C10
924,C9
929,C4
556,C8
239,C10
917,C9
833,C5
936,C3
653,C7
721,C3
466,C7
982,C8
920,C10
658,C1
191,C9
852,C2
349,C6
757,C7
357,C5
237,C9
868,C9
293,C2
849,C10
650,C10
178,C9
169,C9
926,C6
61,C10
585,C10
288,C2
306,C4
862,C10
800,C10
12,C6
882,C9
843,C7
392,C1
9,C7
452,C7
21,C3
342,C5
37,C6
771,C7
253,C6
189,C10
466,C3
78,C9
26,C4
279,C3
345,C8
712,C1
133,C7
71,C3
274,C2
479,C10
720,C8
878,C2
270,C9
834,C9
548,C10
13,C3
836,C3
925,C10
99,C8
925,C4
299,C6
69,C4
380,C9
426,C5
913,C7
856,C4
422,C2
503,C10
424,C5
686,C5
724,C6
547,C3
84,C7
827,C6
783,C7
395,C7
519,C3
419,C5
887,C10
264,C9
415,C2
456,C2
800,C8
743,C10
429,C10
822,C7
179,C2
632,C5
359,C9
509,C1
561,C8
608,C10
166,C6
880,C5
154,C8
380,C5
175,C2
290,C5
699,C4
71,C7
831,C10
328,C6
765,C6
854,C1
389,C8
577,C4
575,C4
321,C8
951,C3
311,C3
122,C9
962,C2
368,C6
208,C1
517,C9
881,C2
448,C5
12,C4
44,C2
126,C3
420,C10
848,C6
274,C6
135,C9
228,C1
496,C6
179,C2
196,C2
898,C9
731,C8
337,C6
368,C2
250,C3
47,C5
53,C8
213,C8
530,C7
986,C2
519,C5
144,C7
188,C3
518,C3
919,C2
887,C1
34,C4
684,C1
554,C3
79,C5
858,C4
163,C3
413,C5
203,C6
241,C1
590,C6
647,C9
897,C10
388,C2
139,C4
537,C8
66,C9
567,C5
185,C3
721,C10
668,C2
636,C2
854,C8
389,C1
877,C8
128,C8
513,C4
778,C2
155,C1
458,C6
389,C4
682,C2
612,C8
317,C1
48,C5
364,C6
615,C10
69,C6
704,C6
225,C6
293,C5
246,C5
967,C3
64,C2
636,C6
316,C10
643,C10
33,C3
981,C4
157,C1
484,C2
686,C3
189,C1
52,C5
114,C4
772,C8
886,C2
126,C5
136,C3
942,C6
692,C10
330,C4
960,C7
822,C4
970,C1
369,C4
858,C8
639,C10
649,C1
389,C1
722,C5
708,C2
334,C8
353,C3
227,C4
236,C5
671,C5
215,C6
715,C9
693,C8
196,C8
636,C9
471,C9
136,C1
882,C7
237,C3
20,C5
168,C10
35,C2
463,C1
32,C3
228,C3
442,C3
173,C5
591,C6
394,C7
687,C4
195,C1
317,C3
775,C5
497,C8
237,C3
816,C3
98,C1
300,C2
182,C9
843,C2
136,C1
27,C9
615,C6
255,C9
444,C9
223,C6
316,C9
48,C4
988,C3
902,C8
277,C8
798,C2
99,C5
545,C6
783,C1
319,C3
178,C7
24,C10
218,C6
721,C9
43,C10
455,C9
625,C6
429,C3
972,C10
383,C5
551,C7
626,C5
921,C1
933,C8
876,C6
968,C6
108,C10
823,C2
390,C1
906,C4
928,C10
839,C2
301,C2
58,C9
267,C3
48,C1
952,C5
588,C1
900,C6
623,C10
189,C2
176,C5
182,C2
209,C1
624,C4
46,C8
966,C1
355,C10
521,C5
626,C5
754,C7
960,C9
0,C8
712,C3
650,C3
827,C8
485,C5
884,C3
10,C9
620,C8
726,C9
680,C3
990,C10
916,C8
436,C1
860,C2
537,C6
919,C10
346,C3
633,C7
151,C8
691,C2
605,C1
871,C8
674,C8
63,C3
342,C6
9,C8
775,C8
563,C1
548,C7
23,C7
143,C2
233,C2
460,C3
541,C10
365,C6
265,C8
438,C3
195,C7
760,C9
700,C2
80,C8
894,C5
138,C6
360,C8
867,C2
661,C2
428,C10
726,C8
222,C10
512,C7
364,C10
465,C4
482,C4
420,C3
272,C9
929,C10
425,C6
419,C5
648,C5
547,C1
253,C2
21,C4
676,C4
603,C3
999,C10
577,C8
70,C4
870,C7
491,C9
819,C2
327,C3
758,C6
282,C9
214,C2
23,C5
756,C3
733,C3
862,C2
102,C2
264,C1
734,C3
764,C1
170,C10
970,C4
652,C8
61,C7
899,C10
632,C5
638,C4
838,C4
295,C5
179,C9
370,C9
968,C3
925,C10
362,C1
489,C7
622,C5
652,C4
424,C1
324,C9
527,C2
798,C1
611,C7
441,C7
86,C5
523,C10
716,C10
662,C3
824,C2
769,C1
945,C9
722,C4
7,C9
522,C2
867,C1
901,C1
989,C1
941,C10
710,C7
287,C9
792,C8
636,C1
367,C2
141,C7
515,C7
425,C8
479,C8
225,C9
525,C2
982,C7
885,C9
375,C9
217,C7
498,C9
345,C4
108,C2
116,C9
534,C10
144,C1
711,C6
708,C3
136,C2
463,C8
868,C7
395,C1
136,C7
94,C4
98,C2
86,C4
409,C7
768,C7
974,C1
180,C4
884,C10
686,C6
60,C7
638,C10
208,C9
273,C4
867,C3
453,C7
200,C1
406,C5
161,C10
97,C9
573,C7
738,C1
542,C8
914,C1
618,C3
346,C3
73,C4
368,C5
601,C2
888,C2
782,C4
536,C7
62,C5
39,C6
397,C10
346,C10
153,C4
962,C10
15,C9
768,C5
111,C3
289,C1
543,C8
761,C6
949,C6
293,C9
373,C9
576,C8
403,C1
224,C9
615,C8
796,C6
478,C4
182,C5
698,C9
174,C9
889,C7
615,C6
344,C7
701,C5
356,C2
163,C7
735,C1
56,C9
906,C3
621,C6
883,C5
78,C8
582,C2
952,C1
276,C3
408,C5
152,C10
648,C3
638,C7
579,C3
83,C10
939,C10
282,C3
506,C1
676,C8
616,C4
823,C6
136,C3
377,C7
855,C3
406,C2
525,C9
49,C2
679,C10
343,C10
424,C6
619,C5
568,C1
491,C5
334,C4
465,C5
382,C8
160,C1
878,C1
631,C6
758,C7
12,C8
424,C2
268,C10
671,C9
736,C9
120,C2
368,C10
631,C9
877,C7
38,C5
812,C7
782,C8
425,C10
969,C6
948,C7
540,C8
468,C5
947,C8
360,C7
550,C1
778,C2
901,C8
383,C5
798,C5
188,C7
964,C7
906,C6
578,C7
92,C9
521,C9
899,C8
58,C10
737,C8
918,C5
712,C7
557,C6
843,C2
666,C3
214,C6
56,C10
764,C3
81,C1
545,C10
205,C8
695,C8
489,C7
879,C9
863,C5
999,C4
122,C4
483,C1
309,C7
178,C1
253,C4
275,C4
979,C10
738,C9
403,C7
142,C5
727,C7
348,C9
149,C6
205,C7
61,C6
597,C9
643,C5
919,C7
423,C4
242,C8
283,C2
215,C1
917,C3
890,C6
916,C4
876,C9
60,C8
930,C7
977,C7
695,C2
843,C1
175,C8
68,C3
225,C8
410,C9
715,C3
666,C6
525,C8
821,C4
846,C9
207,C1
352,C2
189,C7
879,C2
531,C10
469,C6
205,C8
807,C9
626,C6
138,C3
495,C3
578,C3
242,C8
897,C2
464,C6
448,C10
96,C6
192,C10
826,C1
619,C8
176,C2
694,C9
556,C10
171,C8
985,C4
584,C8
79,C6
130,C9
628,C9
421,C2
654,C5
276,C6
643,C3
79,C7
111,C3
403,C3
573,C3
850,C9
42,C10
125,C5
280,C3
109,C4
944,C6
264,C4
738,C5
282,C5
200,C2
332,C7
108,C2
558,C7
804,C4
350,C1
34,C2
893,C4
678,C4
683,C7
664,C6
177,C10
408,C1
606,C5
117,C1
224,C4
786,C2
958,C8
909,C9
507,C9
343,C8
263,C4
234,C8
861,C3
886,C1
214,C2
248,C2
92,C9
542,C7
854,C8
874,C1
665,C9
636,C8
8,C3
69,C3
543,C5
169,C3
736,C2
990,C8
749,C7
431,C6
82,C2
405,C3
89,C8
48,C1
861,C9
135,C9
273,C5
123,C10
689,C8
11,C10
730,C3
718,C6
948,C9
522,C4
299,C2
209,C9
692,C5
965,C6
278,C1
200,C4
773,C8
502,C4
988,C8
824,C7
860,C7
863,C4
635,C4
339,C2
13,C6
131,C9
299,C1
124,C9
623,C7
556,C5
549,C9
319,C7
757,C2
243,C5
136,C7
664,C5
635,C5
691,C6
999,C3
929,C3
518,C5
64,C5
51,C5
922,C8
205,C2
3,C6
677,C4
201,C7
33,C5
141,C7
413,C4
538,C1
243,C3
314,C7
363,C5
513,C10
543,C5
938,C10
817,C8
378,C9
716,C8
641,C6
620,C2
588,C5
416,C6
684,C6
928,C1
606,C3
705,C2
924,C3
733,C5
54,C2
651,C2
665,C6
286,C5
245,C3
32,C9
647,C9
800,C3
706,C4
433,C4
115,C10
319,C7
831,C5
855,C6
325,C6
202,C9
419,C1
183,C2
614,C4
23,C5
455,C6
755,C9
251,C2
811,C6
849,C6
371,C4
102,C1
495,C10
303,C3
760,C3
362,C8
75,C6
519,C4
835,C1
720,C4
364,C7
919,C5
362,C6
938,C9
456,C9
995,C10
273,C8
520,C10
861,C5
448,C9
293,C1
671,C9
486,C7
352,C1
732,C1
479,C8
50,C9
893,C10
117,C10
488,C1
15,C3
993,C10
360,C9
482,C5
789,C2
248,C1
270,C8
524,C7
289,C2
461,C5
486,C2
48,C10
293,C9
559,C8
229,C6
588,C6
745,C8
630,C5
549,C6
947,C5
80,C2
663,C7
787,C2
300,C10
839,C3
253,C1
284,C3
848,C1
417,C4
312,C3
308,C10
199,C1
197,C6
777,C10
176,C3
632,C4
943,C10
3,C10
779,C8
890,C3
609,C4
906,C3
138,C8
720,C2
764,C8
18,C8
472,C8
639,C9
119,C7
507,C1
786,C10
525,C3
109,C6
874,C8
610,C9
962,C4
496,C4
915,C7
535,C3
400,C10
637,C1
729,C5
136,C10
258,C8
105,C7
50,C8
708,C10
451,C2
123,C4
531,C8
46,C2
576,C6
467,C8
66,C5
141,C8
759,C10
866,C6
12,C7
282,C9
885,C9
110,C5
331,C8
713,C2
267,C8
341,C3
357,C7
895,C4
394,C9
963,C9
152,C2
613,C10
989,C2
660,C8
227,C1
626,C3
293,C6
253,C1
220,C2
705,C9
241,C10
735,C5
975,C7
604,C10
766,C2
976,C6
485,C10
125,C9
98,C8
892,C9
746,C1
216,C5
919,C7
506,C6
792,C4
330,C4
974,C5
375,C1
699,C2
72,C1
715,C6
90,C9
761,C5
636,C1
61,C1
482,C2
113,C9
424,C4
789,C1
430,C9
401,C8
752,C7
264,C7
617,C2
179,C4
20,C1
683,C9
449,C2
532,C2
115,C7
425,C6
806,C1
74,C7
361,C1
753,C2
287,C3
547,C6
914,C2
572,C7
425,C9
382,C9
651,C9
958,C3
475,C5
696,C2
931,C3
322,C1
115,C4
854,C9
99,C7
16,C8
448,C4
390,C10
356,C8
134,C10
867,C4
417,C2
563,C7
228,C2
76,C1
307,C5
424,C9
544,C3
314,C8
176,C6
920,C9
894,C5
344,C5
14,C4
148,C2
251,C6
87,C2
751,C7
757,C1
665,C5
27,C2
758,C6
679,C4
356,C4
655,C10
223,C3
911,C5
787,C7
73,C3
615,C8
452,C7
356,C4
963,C7
740,C4
768,C5
71,C2
491,C9
417,C6
898,C1
72,C9
674,C9
833,C7
110,C4
630,C7
290,C10
312,C10
47,C8
268,C4
931,C10
681,C9
602,C2
441,C7
620,C2
490,C10
947,C5
820,C3
5,C3
695,C10
944,C10
766,C7
739,C3
55,C8
858,C5
162,C9
527,C6
530,C3
761,C10
890,C5
583,C7
899,C6
562,C9
432,C6
324,C5
158,C3
902,C10
865,C7
891,C9
448,C9
966,C9
262,C6
886,C3
110,C6
227,C1
507,C3
277,C9
721,C7
350,C2
927,C3
333,C2
716,C9
795,C1
64,C1
364,C3
298,C4
864,C10
722,C3
640,C10
136,C7
717,C3
191,C8
639,C2
217,C9
198,C1
530,C1
358,C5
606,C3
342,C5
473,C2
157,C6
125,C6
404,C4
201,C10
493,C8
425,C2
87,C1
224,C10
704,C10
910,C2
429,C3
802,C5
862,C9
791,C1
133,C4
286,C6
455,C4
914,C3
77,C5
843,C9
982,C7
172,C5
583,C3
59,C6
536,C3
205,C7
932,C7
251,C9
59,C2
150,C4
468,C2
695,C7
852,C4
381,C9
394,C2
84,C4
853,C3
495,C5
288,C2
880,C6
386,C2
854,C9
84,C7
717,C2
129,C5
604,C7
905,C6
909,C4
934,C4
910,C6
430,C6
489,C9
66,C10
172,C5
365,C8
351,C1
573,C2
383,C2
360,C5
727,C2
661,C3
40,C1
654,C10
732,C2
256,C9
186,C3
874,C2
61,C3
434,C1
219,C3
230,C7
61,C7
490,C6
467,C10
217,C10
800,C6
106,C4
916,C9
451,C10
668,C6
951,C8
83,C2
327,C5
398,C7
200,C2
91,C3
320,C10
493,C4
487,C7
680,C10
970,C1
92,C1
501,C10
726,C5
246,C7
865,C3
161,C10
210,C7
876,C8
883,C7
657,C6
526,C4
909,C2
656,C1
565,C2
149,C3
756,C3
714,C9
202,C3
407,C7
54,C10
350,C2
740,C5
57,C5
899,C4
842,C2
248,C9
259,C6
132,C7
755,C9
408,C7
594,C6
310,C5
289,C8
301,C3
907,C2
165,C3
63,C6
896,C3
276,C10
261,C2
2,C10
20,C3
521,C2
422,C3
88,C1
734,C9
824,C9
856,C3
307,C1
201,C1
43,C5
604,C1
689,C7
596,C2
486,C4
536,C7
752,C10
738,C10
691,C2
249,C8
890,C1
863,C7
292,C6
15,C7
827,C9
176,C8
892,C6
889,C5
223,C7
461,C10
801,C10
667,C1
234,C10
835,C4
772,C6
912,C1
766,C9
553,C2
529,C10
329,C1
420,C4
617,C10
164,C5
830,C2
375,C2
16,C4
263,C6
133,C4
517,C1
510,C3
846,C5
27,C8
871,C3
385,C7
183,C10
190,C8
97,C5
760,C9
871,C3
303,C7
713,C9
815,C7
445,C5
511,C3
665,C7
643,C4
713,C1
485,C1
122,C2
386,C1
193,C3
469,C9
192,C8
248,C8
578,C1
977,C3
892,C2
634,C2
306,C10
1,C2
742,C3
728,C8
543,C10
573,C2
479,C5
37,C10
88,C10
610,C2
172,C2
995,C5
804,C2
350,C8
892,C8
195,C2
219,C8
683,C1
488,C4
641,C6
929,C1
835,C2
792,C7
692,C7
542,C5
353,C4
434,C1
206,C9
271,C8
563,C10
79,C4
608,C5
320,C10
394,C9
980,C2
763,C10
281,C1
408,C1
613,C4
245,C2
380,C1
821,C6
713,C7
218,C4
707,C2
407,C1
116,C5
165,C9
51,C1
577,C2
906,C5
696,C4
490,C4
699,C10
475,C7
489,C3
931,C2
645,C7
239,C4
989,C7
496,C5
933,C8
537,C10
982,C6
100,C5
725,C9
973,C10
773,C4
121,C1
875,C2
222,C8
966,C10
838,C1
32,C10
264,C4
177,C6
979,C7
597,C4
426,C10
114,C10
421,C10
204,C6
801,C9
203,C4
917,C1
528,C3
53,C2
696,C6
120,C2
401,C10
914,C9
724,C3
642,C4
788,C8
276,C2
249,C1
696,C9
898,C4
391,C8
325,C9
965,C6
68,C1
407,C3
147,C2
656,C10
35,C4
502,C6
608,C7
341,C2
354,C10
653,C4
222,C3
260,C10
830,C3
22,C6
800,C6
957,C1
627,C2
452,C3
617,C7
460,C4
382,C4
746,C3
992,C2
630,C6
843,C3
336,C4
56,C4
119,C10
663,C6
474,C10
515,C8
9,C3
418,C10
353,C8
715,C4
142,C2
429,C6
264,C3
563,C7
354,C8
899,C1
298,C5
329,C10
803,C9
0,C4
677,C7
338,C2
485,C6
313,C9
395,C1
977,C3
492,C10
963,C8
763,C5
776,C6
492,C1
298,C6
923,C4
96,C1
276,C2
633,C6
161,C5
582,C1
677,C7
228,C9
186,C7
792,C8
454,C8
598,C10
78,C8
873,C8
202,C7
802,C4
988,C2
844,C8
337,C1
1,C9
860,C5
400,C8
156,C9
213,C5
38,C5
928,C9
488,C5
113,C8
19,C4
982,C3
448,C9
97,C3
536,C5
48,C8
808,C9
370,C4
764,C6
887,C6
258,C2
861,C7
727,C1
573,C6
429,C8
181,C7
211,C2
571,C10
638,C4
961,C1
985,C8
604,C7
143,C7
483,C3
601,C5
689,C6
723,C10
934,C7
858,C4
266,C9
267,C4
403,C1
68,C10
713,C1
886,C2
772,C5
577,C9
522,C10
123,C3
551,C10
741,C3
99,C1
173,C4
531,C6
483,C1
1,C5
267,C7
529,C8
693,C6
396,C2
220,C9
772,C6
498,C9
454,C4
661,C10
901,C3
56,C6
316,C5
316,C10
4,C5
209,C9
763,C5
385,C3
969,C1
246,C5
528,C2
338,C1
267,C1
273,C2
338,C1
268,C6
39,C5
309,C1
624,C7
414,C9
155,C3
683,C8
805,C9
921,C1
248,C8
534,C7
105,C6
21,C7
61,C1
643,C4
668,C5
101,C5
175,C9
472,C4
148,C6
881,C10
862,C10
751,C8
487,C10
543,C7
558,C8
392,C3
609,C5
465,C6
546,C1
368,C6
909,C8
336,C7
849,C1
274,C7
986,C5
472,C10
185,C3
471,C5
919,C10
862,C7
89,C7
634,C9
554,C8
671,C7
689,C4
930,C7
906,C4
256,C1
398,C4
537,C9
610,C10
372,C10
779,C10
40,C10
571,C2
642,C3
772,C7
488,C1
151,C6
61,C7
691,C9
582,C10
909,C10
598,C2
44,C6
633,C8
117,C6
723,C8
19,C7
930,C2
107,C8
742,C8
570,C9
115,C5
468,C2
80,C8
837,C2
917,C5
335,C5
993,C6
738,C9
881,C3
459,C2
943,C3
213,C10
138,C9
520,C9
773,C7
547,C2
404,C4
57,C10
225,C6
523,C9
642,C2
894,C4
531,C7
274,C10
759,C4
173,C10
109,C1
650,C5
425,C6
521,C5
41,C7
623,C10
891,C9
692,C5
98,C3
437,C9
610,C8
292,C6
980,C1
690,C4
801,C4
232,C10
978,C3
253,C3
75,C2
55,C1
923,C7
167,C1
441,C5
637,C9
731,C8
687,C8
126,C7
619,C6
536,C2
137,C6
63,C3
668,C7
267,C4
432,C2
841,C8
838,C9
476,C8
169,C3
740,C4
397,C4
687,C1
515,C5
749,C5
409,C1
752,C10
135,C4
896,C1
42,C8
510,C7
372,C9
104,C1
285,C6
529,C2
822,C4
722,C8
934,C3
806,C2
359,C10
919,C9
74,C9
555,C8
276,C7
141,C2
51,C5
530,C9
995,C5
422,C9
777,C3
658,C6
114,C10
677,C2
151,C10
26,C6
12,C9
209,C8
703,C10
139,C10
431,C5
28,C1
103,C7
432,C6
798,C4
458,C7
29,C10
950,C5
423,C1
688,C2
517,C4
951,C9
277,C3
967,C1
188,C10
204,C8
517,C2
93,C5
790,C1
349,C1
538,C3
82,C4
134,C2
410,C8
118,C3
12,C4
913,C9
346,C6
293,C4
547,C1
60,C2
775,C2
511,C4
515,C9
426,C9
180,C6
272,C2
955,C10
988,C3
1,C10
65,C1
788,C7
812,C10
709,C5
123,C2
574,C2
997,C4
368,C2
234,C9
369,C8
101,C5
255,C4
976,C3
339,C8
845,C6
573,C5
840,C9
814,C6
789,C9
598,C10
968,C4
741,C3
174,C4
405,C8
738,C1
274,C9
444,C2
397,C8
647,C3
264,C4
903,C9
782,C7
979,C8
527,C9
88,C3
594,C10
470,C4
353,C6
492,C9
150,C2
219,C8
25,C6
455,C10
434,C6
407,C7
108,C7
437,C9
327,C6
960,C5
416,C10
77,C3
422,C1
445,C5
64,C3
165,C10
222,C1
794,C8
171,C5
678,C2
309,C1
568,C10
63,C2
210,C8
879,C4
562,C8
949,C4
349,C4
632,C10
964,C7
265,C3
485,C9
887,C5
138,C3
959,C3
56,C3
147,C8
820,C2
136,C10
987,C3
191,C10
675,C10
269,C4
168,C2
421,C4
748,C3
844,C5
960,C5
198,C9
194,C8
247,C5
118,C4
494,C7
718,C6
724,C5
308,C3
129,C4
513,C9
877,C7
941,C3
240,C2
36,C6
177,C4
483,C7
972,C2
333,C9
969,C10
495,C8
620,C3
147,C5
830,C6
827,C7
296,C9
732,C10
3,C9
63,C2
455,C9
543,C10
668,C8
73,C1
747,C3
954,C1
179,C8
792,C10
737,C3
674,C8
161,C5
365,C7
237,C5
373,C2
4,C3
786,C10
896,C2
302,C3
880,C7
768,C1
240,C3
17,C7
911,C5
693,C5
676,C1
664,C8
114,C8
73,C6
463,C6
444,C5
102,C8
812,C7
343,C6
226,C9
267,C3
274,C5
757,C9
612,C9
445,C6
822,C8
714,C7
949,C1
994,C4
478,C3
780,C9
315,C10
423,C3
457,C7
752,C1
357,C5
277,C2
935,C9
360,C10
332,C7
670,C4
581,C8
48,C10
901,C2
572,C3
244,C4
886,C10
370,C9
209,C6
464,C6
548,C3
414,C3
513,C3
656,C1
828,C10
830,C7
323,C1
824,C5
239,C2
720,C2
810,C6
580,C6
608,C1
366,C7
779,C8
299,C4
814,C1
700,C10
657,C4
130,C9
889,C4
628,C2
6,C6
756,C9
462,C8
60,C8
157,C2
939,C2
51,C8
443,C1
680,C1
285,C10
373,C7
906,C9
529,C4
535,C9
407,C9
338,C8
830,C9
251,C5
267,C2
824,C3
371,C4
329,C4
244,C2
349,C6
450,C4
25,C2
0,C10
739,C9
932,C4
980,C1
152,C8
302,C6
969,C4
335,C8
532,C10
188,C1
971,C6
996,C10
105,C5
281,C1
390,C4
651,C9
930,C9
660,C4
207,C10
803,C5
981,C8
264,C7
688,C2
334,C7
452,C9
169,C10
240,C7
654,C8
618,C7
226,C9
676,C6
874,C6
10,C10
564,C7
320,C4
748,C8
38,C1
597,C8
7,C8
701,C10
541,C2
753,C4
404,C7
254,C1
215,C8
616,C2
100,C7
902,C1
710,C2
554,C9
522,C8
938,C6
355,C8
133,C3
633,C10
613,C4
27,C1
380,C1
279,C3
903,C10
240,C2
728,C8
129,C3
39,C9
784,C8
10,C9
172,C10
449,C10
447,C10
188,C10
512,C3
217,C1
917,C7
314,C7
645,C8
635,C9
646,C6
625,C5
317,C1
82,C6
693,C9
50,C5
674,C1
435,C3
249,C8
366,C1
612,C7
962,C7
482,C8
844,C9
929,C8
127,C10
514,C1
421,C1
462,C8
617,C4
486,C2
562,C8
609,C6
741,C3
856,C10
391,C5
843,C10
405,C5
627,C8
142,C9
178,C9
87,C5
292,C1
313,C8
123,C1
346,C8
40,C6
933,C10
110,C3
117,C4
38,C9
831,C6
767,C7
887,C9
49,C8
905,C9
199,C4
193,C10
551,C10
36,C5
968,C3
792,C8
79,C5
165,C2
881,C5
396,C10
857,C6
779,C3
814,C8
837,C8
596,C8
596,C8
30,C3
520,C2
724,C7
404,C4
714,C8
237,C10
590,C4
386,C2
899,C4
91,C8
97,C1
986,C8
109,C3
891,C9
666,C8
902,C3
594,C2
498,C8
890,C2
797,C5
79,C2
97,C8
670,C5
181,C5
25,C7
739,C2
167,C8
661,C3
88,C7
664,C1
929,C5
134,C1
453,C10
252,C1
942,C2
354,C1
303,C2
873,C3
270,C3
876,C2
927,C3
994,C7
135,C2
675,C1
349,C3
52,C10
978,C9
598,C2
463,C6
381,C4
781,C7
5,C4
411,C3
23,C6
938,C8
756,C1
774,C3
2,C8
917,C1
373,C3
14,C2
411,C4
223,C2
903,C1
741,C2
460,C10
372,C1
682,C2
642,C8
184,C8
540,C2
710,C2
592,C8
55,C3
233,C5
192,C4
401,C9
375,C1
240,C8
211,C5
646,C10
347,C4
859,C5
438,C1
700,C2
881,C4
679,C6
932,C7
430,C7
742,C4
124,C10
118,C9
305,C4
38,C9
671,C8
616,C4
826,C7
619,C10
663,C5
328,C8
208,C9
848,C3
210,C1
727,C6
424,C10
100,C10
991,C2
814,C5
177,C10
740,C1
977,C10
906,C5
101,C2
833,C7
104,C1
638,C5
488,C7
576,C1
450,C8
339,C3
305,C4
575,C3
883,C9
163,C7
72,C5
58,C10
807,C3
645,C3
477,C2
321,C1
280,C2
401,C2
730,C7
679,C7
832,C5
6,C7
319,C2
116,C1
936,C1
75,C4
430,C3
656,C3
725,C9
47,C1
123,C3
967,C2
162,C5
59,C1
700,C9
266,C8
754,C4
353,C5
234,C10
464,C2
49,C9
540,C4
757,C5
889,C1
174,C2
382,C1
589,C1
634,C4
399,C6
709,C5
559,C9
565,C4
994,C8
37,C8
422,C4
981,C4
602,C8
709,C10
215,C8
31,C1
980,C2
909,C5
180,C10
230,C8
88,C7
277,C5
539,C10
703,C8
13,C10
114,C6
76,C3
977,C9
8,C3
630,C1
502,C9
341,C1
83,C5
365,C7
345,C2
945,C7
572,C7
173,C10
116,C6
395,C1
816,C2
54,C9
730,C6
635,C6
676,C8
78,C9
769,C10
541,C5
634,C6
796,C5
0,C7
218,C3
371,C5
698,C3
640,C10
917,C4
447,C1
830,C1
150,C3
718,C1
203,C2
311,C10
799,C3
539,C10
618,C2
961,C6
815,C8
338,C4
937,C9
520,C6
324,C9
370,C9
544,C1
668,C4
619,C9
46,C6
567,C7
248,C1
681,C3
772,C9
320,C10
730,C6
952,C1
703,C9
855,C1
678,C9
277,C7
990,C4
621,C6
664,C9
976,C5
437,C3
158,C8
135,C9
656,C9
87,C8
497,C9
86,C7
611,C10
768,C4
685,C4
404,C2
375,C6
103,C9
47,C9
175,C8
715,C1
702,C6
920,C5
916,C1
269,C9
313,C8
386,C3
328,C5
865,C4
318,C4
815,C8
612,C7
110,C8
644,C2
808,C6
660,C7
872,C7
214,C4
735,C7
782,C4
287,C8
591,C7
713,C1
357,C8
437,C9
285,C10
582,C5
295,C6
548,C6
990,C3
809,C4
946,C10
105,C2
643,C4
233,C10
924,C10
784,C10
34,C7
888,C9
966,C10
898,C8
247,C8
32,C8
534,C4
174,C8
402,C3
969,C8
749,C1
478,C8
264,C4
899,C1
387,C4
269,C7
693,C7
12,C6
114,C5
420,C7
330,C8
681,C7
488,C10
821,C6
584,C8
292,C10
204,C9
268,C2
897,C1
576,C3
894,C2
766,C7
952,C10
599,C3
383,C3
139,C9
671,C8
39,C2
969,C3
739,C6
859,C5
190,C1
642,C5
879,C7
648,C3
911,C1
716,C4
373,C4
859,C8
855,C4
697,C9
78,C7
713,C7
438,C8
580,C9
424,C7
496,C1
804,C3
704,C3
303,C4
623,C8
68,C3
3,C5
912,C4
588,C6
176,C8
554,C6
171,C7
25,C1
238,C7
14,C4
584,C10
278,C8
283,C5
283,C3
739,C5
775,C6
514,C8
880,C7
609,C3
161,C2
888,C3
60,C3
190,C2
999,C3
905,C10
334,C1
113,C5
762,C2
637,C6
144,C9
582,C1
900,C2
817,C9
255,C7
839,C4
481,C2
664,C4
981,C7
264,C6
446,C10
294,C7
170,C7
660,C6
143,C6
707,C1
619,C8
607,C2
159,C10
459,C7
480,C9
569,C10
426,C9
960,C6
203,C1
261,C3
741,C10
178,C8
978,C10
191,C8
425,C2
747,C1
973,C9
814,C5
24,C9
910,C6
529,C3
447,C2
10,C8
427,C4
747,C6
873,C5
497,C7
640,C1
972,C4
238,C10
736,C9
436,C5
70,C10
95,C2
437,C6
189,C9
562,C7
386,C6
340,C10
818,C8
289,C2
690,C7
212,C9
433,C4
287,C9
403,C5
98,C10
595,C6
867,C6
555,C9
759,C9
306,C6
552,C8
216,C10
993,C6
852,C1
978,C8
551,C3
547,C5
13,C10
920,C8
227,C10
776,C1
805,C3
895,C3
808,C2
250,C4
930,C4
760,C4
251,C8
532,C6
422,C2
95,C1
465,C5
510,C2
99,C5
213,C5
823,C4
17,C2
309,C10
90,C7
506,C9
83,C2
230,C7
991,C6
311,C6
760,C1
532,C9
339,C9
458,C1
750,C9
146,C8
55,C6
201,C6
902,C9
866,C10
120,C8
53,C5
95,C4
401,C6
669,C3
352,C8
406,C2
93,C2
550,C1
266,C8
812,C3
431,C2
856,C5
638,C5
415,C6
646,C2
855,C3
650,C3
987,C2
354,C2
242,C3
978,C10
527,C6
994,C7
324,C5
168,C8
502,C1
729,C8
248,C3
430,C1
11,C7
52,C1
481,C3
521,C8
979,C3
153,C4
799,C2
49,C2
677,C8
208,C3
29,C8
930,C7
465,C6
180,C10
792,C10
678,C10
762,C3
663,C1
484,C10
452,C2
56,C5
523,C2
378,C1
52,C8
787,C5
985,C10
469,C4
371,C10
765,C3
698,C2
245,C10
569,C8
207,C3
549,C9
278,C6
674,C4
920,C2
462,C5
481,C5
604,C2
34,C3
252,C10
854,C7
924,C9
163,C7
129,C1
286,C10
258,C2
610,C4
793,C3
136,C7
740,C7
934,C3
540,C8
366,C4
663,C3
832,C9
988,C2
564,C10
281,C4
705,C3
929,C5
178,C2
501,C10
357,C10
383,C7
19,C4
994,C8
918,C8
675,C2
352,C5
206,C5
773,C6
968,C2
613,C9
733,C3
75,C9
398,C6
190,C6
825,C5
228,C4
869,C10
495,C2
395,C10
757,C1
112,C1
65,C7
564,C7
624,C4
938,C1
526,C7
651,C2
944,C4
358,C9
883,C3
763,C10
712,C8
158,C6
974,C5
91,C8
74,C9
587,C9
601,C5
117,C2
823,C3
507,C7
840,C6
101,C10
324,C5
194,C4
867,C9
593,C4
385,C3
211,C3
348,C10
612,C10
443,C10
107,C1
994,C9
365,C10
455,C5
416,C10
951,C5
580,C8
70,C2
72,C1
319,C10
828,C4
974,C5
624,C3
667,C6
156,C9
115,C8
970,C10
690,C9
760,C10
870,C8
934,C1
205,C7
775,C3
773,C10
150,C10
229,C9
73,C9
528,C5
988,C3
6,C8
440,C6
708,C10
510,C1
158,C7
19,C6
877,C6
798,C3
946,C6
945,C3
586,C1
454,C7
85,C8
518,C7
258,C3
710,C2
742,C2
100,C9
78,C7
728,C10
571,C9
472,C7
528,C2
255,C5
628,C10
516,C5
78,C4
790,C4
103,C7
404,C6
601,C1
625,C10
492,C2
38,C4
440,C7
430,C1
716,C7
452,C1
757,C6
674,C4
900,C3
836,C5
563,C8
351,C6
76,C5
227,C2
213,C8
649,C6
139,C6
789,C6
734,C2
715,C8
696,C8
519,C5
774,C8
679,C3
229,C6
585,C5
685,C5
854,C9
543,C9
329,C9
882,C3
937,C2
82,C5
422,C2
510,C6
184,C1
638,C7
637,C4
91,C7
664,C2
624,C5
238,C2
310,C3
197,C3
372,C8
234,C3
622,C3
903,C4
243,C10
453,C5
507,C10
797,C10
479,C3
348,C3
527,C8
632,C6
627,C7
559,C10
975,C6
453,C5
925,C2
146,C3
20,C7
974,C10
290,C10
402,C5
586,C6
930,C2
604,C2
725,C10
80,C9
925,C2
386,C5
490,C3
427,C10
243,C4
613,C6
109,C1
392,C1
749,C6
753,C5
815,C3
405,C5
740,C1
800,C7
787,C3
960,C1
672,C3
367,C3
363,C1
622,C9
96,C8
953,C10
522,C3
554,C9
807,C8
350,C7
797,C2
141,C7
196,C9
102,C9
947,C8
834,C8
553,C6
61,C10
348,C1
365,C3
513,C5
406,C4
847,C1
212,C4
502,C2
975,C8
950,C6
508,C4
9,C7
49,C7
960,C2
647,C8
339,C1
494,C4
0,C5
928,C6
436,C2
226,C6
450,C1
86,C2
992,C8
295,C4
974,C6
170,C10
375,C5
774,C7
477,C5
919,C1
187,C1
169,C10
713,C2
217,C3
589,C10
813,C3
699,C7
162,C6
842,C6
959,C5
770,C2
363,C7
656,C1
768,C5
41,C8
501,C2
415,C9
480,C7
166,C1
657,C9
305,C8
352,C4
266,C7
145,C4
304,C8
936,C1
580,C2
844,C4
73,C4
669,C5
580,C6
953,C7
953,C9
300,C4
161,C4
737,C5
88,C7
525,C6
497,C4
181,C10
432,C8
886,C5
70,C3
793,C8
311,C8
606,C8
702,C9
249,C4
45,C5
380,C8
231,C3
140,C7
74,C9
450,C2
303,C1
591,C4
371,C7
599,C3
949,C7
7,C9
798,C7
858,C2
632,C2
543,C6
71,C2
583,C1
825,C5
696,C9
751,C9
401,C6
409,C5
445,C4
257,C2
132,C7
269,C3
831,C9
857,C9
821,C2
382,C4
675,C2
602,C8
610,C1
404,C1
323,C7
277,C7
464,C7
929,C1
381,C1
507,C8
993,C1
642,C2
3,C9
978,C2
921,C8
746,C2
357,C3
931,C9
362,C7
110,C9
252,C2
26,C5
783,C7
701,C9
794,C4
933,C10
72,C7
705,C4
332,C6
734,C10
374,C8
181,C6
441,C10
650,C9
131,C4
40,C8
322,C5
928,C3
522,C8
852,C1
48,C6
212,C3
476,C10
716,C7
320,C9
943,C4
673,C2
763,C9
504,C6
231,C8
382,C1
0,C10
881,C1
347,C9
736,C10
132,C5
280,C2
150,C2
340,C9
133,C9
66,C8
334,C2
739,C2
925,C2
908,C5
709,C3
304,C8
154,C1
927,C9
187,C5
442,C2
77,C5
92,C8
598,C9
850,C8
291,C3
633,C9
249,C1
897,C8
902,C1
24,C2
323,C6
960,C4
462,C4
384,C8
704,C4
189,C4
399,C5
984,C7
278,C3
613,C4
4,C8
399,C10
624,C9
617,C5
624,C3
645,C2
432,C1
84,C9
198,C2
803,C5
69,C9
52,C3
111,C4
424,C9
419,C2
809,C2
979,C3
688,C3
278,C7
930,C3
368,C4
287,C4
420,C10
135,C8
981,C9
853,C10
964,C1
166,C8
71,C9
359,C7
457,C1
347,C4
357,C9
336,C6
125,C8
533,C1
217,C3
361,C2
932,C2
385,C1
480,C7
370,C8
259,C6
795,C8
218,C3
346,C2
30,C8
675,C5
268,C4
968,C9
633,C6
227,C7
353,C2
296,C10
43,C6
635,C1
226,C4
949,C3
519,C5
426,C1
255,C4
76,C2
301,C5
336,C1
3,C8
917,C10
256,C4
956,C7
210,C8
110,C4
724,C4
911,C2
377,C4
19,C8
993,C7
994,C9
458,C3
275,C5
489,C5
429,C5
330,C10
111,C8
809,C1
883,C7
725,C2
593,C6
737,C6
85,C6
280,C6
740,C1
906,C4
526,C9
916,C8
551,C3
36,C1
482,C7
559,C5
125,C4
47,C10
118,C2
650,C3
608,C10
923,C8
548,C7
468,C10
888,C3
810,C4
337,C9
560,C7
913,C10
890,C5
310,C3
820,C6
430,C9
158,C3
823,C1
411,C6
441,C7
445,C9
431,C2
103,C3
233,C2
344,C9
778,C9
916,C4
526,C10
476,C1
786,C9
55,C5
534,C7
536,C9
897,C5
705,C1
665,C10
87,C4
50,C5
913,C2
971,C8
850,C1
139,C7
910,C2
986,C5
59,C2
474,C4
240,C7
952,C4
67,C2
49,C10
685,C4
643,C3
43,C3
868,C6
427,C6
949,C9
480,C5
570,C5
489,C7
877,C5
945,C7
348,C8
940,C1
800,C5
427,C2
893,C7
866,C1
171,C10
990,C1
70,C3
802,C10
605,C7
628,C10
418,C8
53,C3
362,C1
583,C6
523,C7
993,C1
542,C4
498,C3
156,C9
304,C9
679,C6
832,C6
53,C3
84,C8
208,C8
594,C7
149,C9
99,C1
14,C10
85,C6
363,C8
293,C4
1,C1
641,C2
545,C4
988,C2
274,C2
490,C2
107,C8
690,C5
181,C10
153,C10
908,C7
424,C4
907,C9
882,C7
516,C8
727,C2
881,C8
725,C2
944,C10
771,C8
961,C5
863,C4
417,C9
219,C5
25,C7
717,C5
201,C9
689,C3
695,C3
197,C3
966,C6
840,C1
285,C7
40,C8
740,C9
292,C8
978,C3
120,C6
891,C7
37,C8
249,C9
50,C8
823,C8
109,C10
423,C2
819,C6
599,C1
586,C8
219,C8
252,C4
154,C7
932,C7
869,C10
132,C10
98,C3
865,C3
230,C4
24,C2
403,C5
262,C2
847,C4
791,C3
63,C1
900,C9
8,C1
332,C5
303,C9
1,C8
42,C10
145,C6
165,C7
880,C4
351,C9
501,C4
836,C7
570,C4
202,C1
886,C2
470,C5
631,C5
902,C10
567,C3
222,C3
784,C5
327,C10
361,C3
661,C1
557,C8
139,C9
676,C10
549,C9
370,C5
136,C10
496,C9
727,C5
338,C7
585,C7
660,C3
127,C6
848,C5
326,C10
65,C10
970,C4
33,C1
521,C7
299,C9
950,C1
174,C2
11,C8
397,C3
473,C3
532,C9
477,C9
143,C2
543,C7
53,C7
361,C5
549,C2
718,C10
753,C2
977,C5
401,C4
711,C8
926,C1
487,C7
619,C3
470,C7
105,C10
762,C8
887,C5
281,C9
987,C7
386,C9
255,C7
89,C6
555,C5
254,C4
488,C4
777,C6
835,C5
888,C9
725,C3
989,C7
918,C7
552,C10
962,C3
795,C7
964,C9
953,C7
31,C4
154,C3
217,C2
396,C2
141,C5
459,C10
339,C10
235,C2
347,C4
870,C5
240,C7
68,C7
191,C10
263,C5
285,C7
243,C4
875,C5
356,C1
724,C5
948,C1
433,C3
752,C6
428,C6
879,C10
603,C9
205,C5
830,C1
127,C3
304,C7
250,C9
298,C1
174,C8
105,C1
522,C1
949,C9
370,C6
310,C7
962,C6
510,C3
14,C5
344,C5
768,C10
48,C7
977,C2
125,C4
673,C5
981,C5
443,C8
623,C9
927,C10
726,C3
574,C3
253,C1
90,C6
214,C1
336,C7
982,C1
670,C4
161,C6
298,C7
793,C3
592,C7
603,C6
466,C8
156,C1
57,C8
232,C10
857,C3
877,C4
303,C3
561,C2
647,C3
261,C6
521,C7
482,C7
303,C7
441,C9
973,C5
210,C5
743,C1
371,C1
431,C6
112,C7
946,C1
563,C9
223,C6
307,C4
811,C10
241,C7
415,C9
303,C6
229,C5
271,C5
33,C7
957,C3
66,C10
588,C3
307,C5
215,C6
473,C1
242,C9
136,C6
316,C7
915,C10
927,C10
157,C9
427,C8
287,C8
824,C2
119,C7
273,C8
916,C9
78,C1
932,C9
206,C7
553,C10
882,C6
626,C7
173,C10
214,C6
327,C7
439,C8
402,C9
409,C7
507,C8
771,C1
525,C2
977,C7
618,C7
832,C3
504,C1
388,C1
253,C4
990,C4
222,C9
512,C2
717,C3
230,C1
755,C4
225,C6
23,C6
124,C9
540,C4
282,C1
209,C5
826,C7
277,C7
598,C6
430,C1
600,C4
413,C6
614,C7
421,C3
381,C8
838,C10
454,C1
851,C4
652,C1
254,C3
324,C1
470,C5
877,C7
130,C7
343,C1
141,C2
322,C7
214,C3
192,C1
447,C10
46,C1
730,C6
695,C1
248,C5
69,C5
232,C8
242,C4
376,C6
422,C8
855,C2
437,C1
179,C6
663,C8
333,C1
434,C5
965,C3
401,C10
765,C1
901,C10
578,C9
913,C9
296,C7
116,C4
70,C10
175,C5
553,C5
88,C9
213,C10
90,C5
583,C8
201,C3
648,C9
407,C2
943,C9
945,C4
10,C4
290,C2
958,C7
176,C2
315,C5
358,C6
239,C5
27,C2
535,C9
140,C3
880,C10
606,C6
22,C7
514,C9
351,C5
532,C4
651,C5
449,C10
221,C7
137,C7
744,C7
878,C6
975,C2
488,C7
618,C7
678,C9
307,C5
486,C3
454,C9
483,C5
500,C1
886,C7
4,C3
25,C2
529,C2
180,C8
602,C4
471,C7
196,C3
274,C9
453,C3
752,C6
532,C4
250,C8
960,C6
744,C9
636,C8
339,C1
279,C7
939,C7
179,C6
277,C6
804,C4
25,C7
979,C4
971,C2
321,C8
553,C5
407,C4
152,C6
755,C2
277,C2
296,C6
15,C8
962,C6
381,C10
222,C1
917,C2
214,C7
759,C4
985,C4
8,C3
555,C6
52,C6
778,C4
863,C2
980,C9
396,C7
796,C3
384,C5
566,C4
597,C7
180,C8
586,C6
859,C2
597,C6
120,C8
0,C3
494,C3
506,C8
471,C7
777,C9
64,C6
248,C9
126,C2
765,C6
155,C8
154,C8
589,C5
210,C10
563,C2
861,C2
160,C10
882,C6
801,C3
774,C6
75,C8
716,C1
331,C2
430,C2
993,C9
289,C3
139,C3
328,C1
216,C6
57,C1
499,C5
576,C5
626,C8
612,C3
823,C1
349,C2
719,C10
953,C1
600,C7
188,C2
723,C4
326,C3
352,C7
932,C4
92,C5
988,C10
102,C8
788,C2
517,C3
733,C10
363,C6
792,C3
298,C8
146,C9
647,C5
281,C7
323,C10
729,C10
902,C1
785,C3
670,C7
441,C4
977,C2
948,C8
874,C1
501,C1
145,C3
16,C2
805,C9
671,C8
356,C7
724,C2
166,C6
791,C2
92,C8
504,C1
221,C5
895,C4
488,C6
964,C5
54,C5
242,C1
491,C2
493,C1
215,C2
929,C4
683,C8
274,C2
307,C4
513,C3
419,C10
235,C10
630,C7
210,C9
753,C6
733,C3
538,C6
925,C7
445,C4
298,C4
557,C6
75,C8
325,C1
505,C8
731,C10
607,C5
198,C2
970,C8
947,C9
163,C6
925,C6
440,C7
368,C6
924,C9
681,C4
361,C8
780,C2
390,C6
120,C3
386,C3
836,C4
676,C3
295,C4
245,C4
880,C4
160,C1
848,C6
385,C4
667,C10
402,C8
318,C6
103,C10
929,C5
944,C1
745,C4
853,C10
586,C3
312,C9
829,C2
230,C3
188,C2
763,C10
283,C9
903,C1
839,C6
159,C5
365,C1
693,C4
153,C8
316,C3
953,C10
772,C1
39,C6
433,C7
143,C2
482,C1
506,C3
282,C6
326,C4
56,C6
968,C10
146,C10
832,C4
666,C7
683,C10
586,C7
289,C2
143,C8
404,C4
306,C8
790,C4
352,C7
928,C1
393,C4
523,C6
688,C2
216,C9
61,C2
59,C2
334,C9
755,C8
100,C5
766,C6
288,C4
315,C8
89,C10
122,C8
621,C9
931,C10
852,C9
171,C7
804,C5
665,C4
928,C6
739,C2
587,C6
290,C9
658,C10
563,C3
789,C9
785,C2
551,C3
898,C5
702,C10
898,C1
259,C9
884,C9
360,C6
733,C5
833,C2
651,C3
431,C1
778,C8
310,C1
406,C7
911,C4
145,C10
34,C3
340,C1
914,C6
115,C5
900,C8
15,C6
783,C3
861,C8
512,C2
112,C8
348,C3
895,C4
367,C4
287,C3
193,C5
373,C9
711,C10
25,C5
347,C1
225,C3
896,C8
321,C1
768,C4
460,C6
153,C1
865,C5
632,C9
295,C4
55,C3
71,C1
97,C8
552,C3
384,C2
531,C6
785,C7
479,C10
720,C2
431,C5
870,C6
353,C6
479,C10
754,C8
937,C9
11,C10
532,C10
576,C8
72,C6
566,C5
470,C9
546,C10
954,C6
829,C8
825,C10
939,C2
673,C3
662,C6
996,C4
645,C1
197,C10
736,C3
42,C8
880,C10
497,C10
147,C4
179,C7
902,C10
491,C4
574,C9
12,C10
207,C3
403,C10
586,C8
657,C2
915,C1
826,C6
602,C3
209,C2
